BARANGAY,Year,1 Total,1 D,1 A,2 Total,2 D,2 A,3 Total,3 D,3 A,4 Total,4 D,4 A,5 Total,5 D,5 A,6 Total,6 D,6 A,7 Total,7 D,7 A,8 Total,8 D,8 A,9 Total,9 D,9 A,10 Total,10 D,10 A,11 Total,11 D,11 A,12 Total,12 D,12 A,Grand Total
BUROL,2010,0,0,0,0,0,0,0,0,0,0,0,0,0,0,0,0,0,0,3,0,3,6,0,6,7,0,7,3,0,3,4,0,4,2,0,2,25
BUROL,2011,10,0,10,1,0,1,1,0,1,1,0,1,0,0,0,1,0,1,0,0,0,4,0,4,4,0,4,0,0,0,1,0,1,2,0,2,25
BUROL,2012,0,0,0,0,0,0,0,0,0,0,0,0,0,0,0,0,0,0,1,0,1,10,0,10,1,0,1,2,0,2,5,0,5,2,0,2,21
BUROL,2013,2,0,2,0,0,0,0,0,0,0,0,0,0,0,0,0,0,0,2,0,2,1,0,1,3,0,3,0,0,0,2,0,2,1,0,1,11
BUROL,2014,0,0,0,0,0,0,0,0,0,0,0,0,0,0,0,0,0,0,1,0,1,10,0,10,1,0,1,2,0,2,5,0,5,2,0,2,21
BUROL,2015,1,0,1,4,2,2,1,1,0,1,0,1,0,0,0,0,0,0,3,2,1,7,1,6,11,5,6,20,11,9,7,1,6,0,0,0,55
BUROL,2016,0,0,0,0,0,0,3,0,3,0,0,0,0,0,0,1,0,1,0,0,0,1,0,1,0,0,0,3,0,3,0,0,0,0,0,0,8
BUROL,2017,0,0,0,1,0,1,0,0,0,0,0,0,0,0,0,2,0,2,3,0,3,1,0,1,5,0,5,2,0,2,3,0,3,0,0,0,17
BUROL,2018,1,0,1,3,0,3,1,0,1,0,0,0,0,0,0,1,0,1,1,0,1,1,0,1,2,0,2,5,0,5,11,0,11,16,0,16,42
BUROL,2019,7,1,6,5,0,5,0,0,0,1,0,1,2,0,2,1,0,1,15,0,15,23,0,23,31,0,31,11,0,11,7,0,7,0,0,0,103
BUROL,2020,5,0,5,0,0,0,0,0,0,0,0,0,0,0,0,0,0,0,0,0,0,0,0,0,0,0,0,0,0,0,1,0,1,2,0,2,8
BUROL,2021,1,0,1,0,0,0,0,0,0,0,0,0,0,0,0,0,0,0,2,2,0,0,0,0,0,0,0,1,1,0,2,2,0,3,2,1,9
BUROL,2022,0,0,0,2,0,2,2,0,2,0,0,0,0,0,0,3,0,3,6,0,6,6,0,6,0,0,0,1,0,1,1,0,1,0,0,0,21
BUROL,2023,1,0,1,0,0,0,0,0,0,0,0,0,0,0,0,0,0,0,1,0,1,0,0,0,1,0,1,0,0,0,4,0,4,0,0,0,7
BUROL,2024,1,0,1,3,0,3,0,0,0,1,0,1,0,0,0,1,0,1,1,0,1,6,0,6,1,0,1,9,0,9,3,0,3,8,0,8,34
BUROL I,2010,2,0,2,0,0,0,0,0,0,0,0,0,0,0,0,0,0,0,1,0,1,2,0,2,7,0,7,1,0,1,1,0,1,1,0,1,15
BUROL I,2011,2,0,2,3,0,3,1,0,1,0,0,0,0,0,0,4,0,4,4,0,4,6,0,6,2,0,2,0,0,0,1,0,1,0,0,0,23
BUROL I,2012,2,0,2,2,0,2,1,0,1,0,0,0,2,0,2,2,0,2,2,0,2,10,0,10,11,0,11,5,1,4,3,0,3,5,0,5,45
BUROL I,2013,1,0,1,1,0,1,1,0,1,0,0,0,0,0,0,0,0,0,0,0,0,1,0,1,3,0,3,2,0,2,6,0,6,1,0,1,16
BUROL I,2014,2,0,2,2,0,2,1,0,1,0,0,0,2,0,2,2,0,2,2,0,2,10,0,10,11,0,11,5,1,4,3,0,3,5,0,5,45
BUROL I,2015,1,0,1,4,2,2,0,0,0,0,0,0,0,0,0,1,0,1,3,1,2,9,4,5,14,5,9,30,20,10,18,10,8,1,1,0,81
BUROL I,2016,1,0,1,2,0,2,0,0,0,0,0,0,0,0,0,1,0,1,0,0,0,3,0,3,2,0,2,1,0,1,3,0,3,1,0,1,14
BUROL I,2017,1,0,1,0,0,0,1,0,1,1,0,1,0,0,0,0,0,0,0,0,0,5,0,5,4,0,4,2,0,2,2,0,2,1,0,1,17
BUROL I,2018,5,0,5,2,0,2,2,0,2,0,0,0,1,0,1,0,0,0,0,0,0,6,0,6,5,0,5,9,0,9,10,0,10,3,0,3,43
BUROL I,2019,6,0,6,2,0,2,1,0,1,0,0,0,1,0,1,2,0,2,8,0,8,24,0,24,44,0,44,13,0,13,11,1,10,2,0,2,114
BUROL I,2020,2,0,2,1,0,1,0,0,0,0,0,0,0,0,0,1,0,1,0,0,0,0,0,0,0,0,0,0,0,0,0,0,0,1,0,1,5
BUROL I,2021,1,1,0,6,4,2,3,1,2,0,0,0,0,0,0,0,0,0,0,0,0,0,0,0,3,2,1,2,2,0,7,3,4,2,1,1,24
BUROL I,2022,0,0,0,1,0,1,1,0,1,0,0,0,0,0,0,0,0,0,0,0,0,3,0,3,3,0,3,2,0,2,1,0,1,0,0,0,11
BUROL I,2023,1,0,1,1,0,1,0,0,0,0,0,0,1,0,1,0,0,0,0,0,0,1,0,1,0,0,0,0,0,0,1,0,1,0,0,0,5
BUROL I,2024,1,0,1,1,0,1,0,0,0,0,0,0,0,0,0,0,0,0,2,0,2,7,0,7,18,0,18,13,0,13,15,0,15,10,0,10,67
BUROL II,2011,0,0,0,0,0,0,0,0,0,0,0,0,0,0,0,0,0,0,0,0,0,1,0,1,2,0,2,1,0,1,2,0,2,0,0,0,6
BUROL II,2012,0,0,0,0,0,0,0,0,0,0,0,0,0,0,0,1,0,1,0,0,0,0,0,0,2,0,2,1,0,1,0,0,0,1,0,1,5
BUROL II,2013,0,0,0,0,0,0,0,0,0,0,0,0,0,0,0,0,0,0,2,0,2,2,0,2,0,0,0,1,0,1,1,0,1,0,0,0,6
BUROL II,2014,0,0,0,0,0,0,0,0,0,0,0,0,0,0,0,1,0,1,0,0,0,0,0,0,2,0,2,1,0,1,0,0,0,1,0,1,5
BUROL II,2015,1,1,0,0,0,0,0,0,0,0,0,0,0,0,0,0,0,0,1,0,1,1,1,0,7,4,3,8,2,6,2,1,1,0,0,0,20
BUROL II,2016,1,0,1,0,0,0,0,0,0,0,0,0,0,0,0,0,0,0,0,0,0,1,0,1,3,0,3,0,0,0,2,0,2,2,0,2,9
BUROL II,2017,0,0,0,0,0,0,0,0,0,0,0,0,0,0,0,1,0,1,0,0,0,0,0,0,1,0,1,0,0,0,2,0,2,1,0,1,5
BUROL II,2018,1,0,1,1,0,1,0,0,0,0,0,0,0,0,0,0,0,0,0,0,0,1,0,1,4,0,4,7,0,7,2,0,2,0,0,0,16
BUROL II,2019,0,0,0,0,0,0,0,0,0,0,0,0,0,0,0,0,0,0,1,0,1,5,0,5,14,1,13,3,0,3,3,0,3,0,0,0,26
BUROL II,2020,0,0,0,1,0,1,0,0,0,0,0,0,0,0,0,0,0,0,0,0,0,0,0,0,0,0,0,1,0,1,0,0,0,0,0,0,2
BUROL II,2021,2,2,0,1,0,1,1,0,1,1,0,1,0,0,0,0,0,0,0,0,0,0,0,0,1,1,0,0,0,0,0,0,0,1,1,0,7
BUROL II,2023,1,0,1,0,0,0,0,0,0,0,0,0,0,0,0,0,0,0,1,0,1,0,0,0,0,0,0,0,0,0,0,0,0,0,0,0,2
BUROL II,2024,0,0,0,0,0,0,0,0,0,0,0,0,0,0,0,0,0,0,1,0,1,0,0,0,2,0,2,5,0,5,3,0,3,2,0,2,13
BUROL III,2010,0,0,0,0,0,0,0,0,0,0,0,0,0,0,0,0,0,0,0,0,0,0,0,0,1,0,1,5,1,4,1,0,1,1,0,1,8
BUROL III,2011,2,0,2,2,0,2,0,0,0,0,0,0,0,0,0,0,0,0,0,0,0,0,0,0,1,0,1,0,0,0,2,0,2,0,0,0,7
BUROL III,2012,1,0,1,0,0,0,0,0,0,0,0,0,0,0,0,1,0,1,0,0,0,1,0,1,0,0,0,0,0,0,1,0,1,0,0,0,4
BUROL III,2013,0,0,0,0,0,0,0,0,0,0,0,0,0,0,0,0,0,0,1,0,1,2,0,2,4,0,4,0,0,0,0,0,0,1,0,1,8
BUROL III,2014,1,0,1,0,0,0,0,0,0,0,0,0,0,0,0,1,0,1,0,0,0,1,0,1,0,0,0,0,0,0,1,0,1,0,0,0,4
BUROL III,2015,0,0,0,0,0,0,0,0,0,1,0,1,0,0,0,0,0,0,0,0,0,3,0,3,7,6,1,9,4,5,4,1,3,2,1,1,26
BUROL III,2016,1,0,1,0,0,0,0,0,0,1,0,1,0,0,0,0,0,0,0,0,0,2,0,2,0,0,0,0,0,0,1,0,1,0,0,0,5
BUROL III,2017,0,0,0,1,0,1,0,0,0,0,0,0,0,0,0,0,0,0,1,0,1,1,0,1,0,0,0,0,0,0,0,0,0,0,0,0,3
BUROL III,2018,4,0,4,1,0,1,1,0,1,0,0,0,0,0,0,0,0,0,0,0,0,2,0,2,0,0,0,2,0,2,8,0,8,3,0,3,21
BUROL III,2019,1,0,1,1,0,1,0,0,0,0,0,0,0,0,0,2,0,2,6,0,6,27,0,27,32,0,32,5,0,5,6,1,5,3,0,3,83
BUROL III,2020,1,0,1,2,0,2,2,0,2,0,0,0,0,0,0,0,0,0,0,0,0,0,0,0,0,0,0,0,0,0,0,0,0,1,0,1,6
BUROL III,2021,3,1,2,1,0,1,1,0,1,0,0,0,1,1,0,0,0,0,0,0,0,0,0,0,0,0,0,1,1,0,1,0,1,0,0,0,8
BUROL III,2022,0,0,0,0,0,0,0,0,0,0,0,0,0,0,0,1,0,1,0,0,0,1,0,1,1,0,1,0,0,0,2,0,2,1,0,1,6
BUROL III,2023,0,0,0,1,0,1,0,0,0,0,0,0,0,0,0,1,0,1,0,0,0,0,0,0,0,0,0,0,0,0,0,0,0,0,0,0,2
BUROL III,2024,0,0,0,0,0,0,0,0,0,0,0,0,0,0,0,0,0,0,0,0,0,2,0,2,1,0,1,3,0,3,4,0,4,16,0,16,26
DASMARIÑAS,2013,25,0,25,13,1,12,15,0,15,3,0,3,12,0,12,22,0,22,101,0,101,126,0,126,174,0,174,116,0,116,101,0,101,62,0,62,770
DATU ESMAEL (BAGO-A-INGUD),2010,0,0,0,0,0,0,0,0,0,0,0,0,0,0,0,0,0,0,0,0,0,1,0,1,2,0,2,2,0,2,0,0,0,2,0,2,7
DATU ESMAEL (BAGO-A-INGUD),2011,0,0,0,0,0,0,0,0,0,0,0,0,0,0,0,0,0,0,1,0,1,1,0,1,1,0,1,1,0,1,0,0,0,0,0,0,4
DATU ESMAEL (BAGO-A-INGUD),2012,3,0,3,0,0,0,0,0,0,2,1,1,0,0,0,0,0,0,1,0,1,3,0,3,2,0,2,4,0,4,2,0,2,0,0,0,17
DATU ESMAEL (BAGO-A-INGUD),2013,1,0,1,1,0,1,0,0,0,0,0,0,0,0,0,2,0,2,0,0,0,2,0,2,1,0,1,5,0,5,0,0,0,1,0,1,13
DATU ESMAEL (BAGO-A-INGUD),2014,3,0,3,0,0,0,0,0,0,2,1,1,0,0,0,0,0,0,1,0,1,3,0,3,2,0,2,4,0,4,2,0,2,0,0,0,17
DATU ESMAEL (BAGO-A-INGUD),2015,1,0,1,0,0,0,0,0,0,0,0,0,0,0,0,0,0,0,0,0,0,2,1,1,4,1,3,0,0,0,5,4,1,2,2,0,14
DATU ESMAEL (BAGO-A-INGUD),2016,1,0,1,0,0,0,0,0,0,0,0,0,0,0,0,2,0,2,0,0,0,0,0,0,0,0,0,2,0,2,2,0,2,0,0,0,7
DATU ESMAEL (BAGO-A-INGUD),2017,0,0,0,0,0,0,0,0,0,0,0,0,0,0,0,0,0,0,0,0,0,1,0,1,2,0,2,1,1,0,1,0,1,1,0,1,6
DATU ESMAEL (BAGO-A-INGUD),2018,1,1,0,0,0,0,0,0,0,0,0,0,0,0,0,0,0,0,0,0,0,2,0,2,2,0,2,0,0,0,2,0,2,0,0,0,7
DATU ESMAEL (BAGO-A-INGUD),2019,1,0,1,1,0,1,0,0,0,0,0,0,1,0,1,3,0,3,6,1,5,7,0,7,11,0,11,1,0,1,1,0,1,0,0,0,32
DATU ESMAEL (BAGO-A-INGUD),2020,1,0,1,1,0,1,0,0,0,0,0,0,0,0,0,0,0,0,0,0,0,0,0,0,0,0,0,0,0,0,0,0,0,0,0,0,2
DATU ESMAEL (BAGO-A-INGUD),2022,0,0,0,0,0,0,0,0,0,1,0,1,0,0,0,0,0,0,0,0,0,0,0,0,0,0,0,1,0,1,1,0,1,0,0,0,3
EMMANUEL BERGADO I,2010,0,0,0,0,0,0,0,0,0,0,0,0,0,0,0,0,0,0,0,0,0,1,0,1,0,0,0,1,0,1,0,0,0,0,0,0,2
EMMANUEL BERGADO I,2011,1,0,1,0,0,0,0,0,0,0,0,0,0,0,0,0,0,0,0,0,0,0,0,0,1,0,1,0,0,0,0,0,0,0,0,0,2
EMMANUEL BERGADO I,2012,0,0,0,0,0,0,0,0,0,0,0,0,0,0,0,1,0,1,1,0,1,0,0,0,2,0,2,0,0,0,0,0,0,1,0,1,5
EMMANUEL BERGADO I,2013,0,0,0,0,0,0,0,0,0,0,0,0,0,0,0,0,0,0,0,0,0,1,0,1,3,0,3,1,0,1,0,0,0,0,0,0,5
EMMANUEL BERGADO I,2014,0,0,0,0,0,0,0,0,0,0,0,0,0,0,0,1,0,1,1,0,1,0,0,0,2,0,2,0,0,0,0,0,0,1,0,1,5
EMMANUEL BERGADO I,2015,2,1,1,1,1,0,0,0,0,1,0,1,0,0,0,0,0,0,6,5,1,8,3,5,5,3,2,10,5,5,4,1,3,0,0,0,37
EMMANUEL BERGADO I,2016,3,0,3,0,0,0,0,0,0,0,0,0,0,0,0,0,0,0,2,0,2,0,0,0,1,0,1,0,0,0,1,0,1,0,0,0,7
EMMANUEL BERGADO I,2017,0,0,0,0,0,0,0,0,0,0,0,0,0,0,0,0,0,0,1,0,1,1,0,1,2,0,2,0,0,0,0,0,0,2,0,2,6
EMMANUEL BERGADO I,2018,1,0,1,2,0,2,0,0,0,0,0,0,0,0,0,0,0,0,0,0,0,0,0,0,0,0,0,0,0,0,3,0,3,3,1,2,9
EMMANUEL BERGADO I,2019,1,0,1,0,0,0,0,0,0,1,0,1,0,0,0,1,0,1,5,0,5,6,0,6,17,0,17,7,0,7,9,0,9,3,0,3,50
EMMANUEL BERGADO I,2020,2,0,2,1,0,1,2,0,2,0,0,0,0,0,0,0,0,0,0,0,0,0,0,0,0,0,0,2,0,2,0,0,0,0,0,0,7
EMMANUEL BERGADO I,2021,0,0,0,0,0,0,0,0,0,0,0,0,0,0,0,0,0,0,0,0,0,1,1,0,1,1,0,3,1,2,1,1,0,1,0,1,7
EMMANUEL BERGADO I,2022,0,0,0,2,0,2,0,0,0,0,0,0,0,0,0,0,0,0,0,0,0,0,0,0,0,0,0,0,0,0,1,0,1,0,0,0,3
EMMANUEL BERGADO I,2023,0,0,0,0,0,0,1,0,1,0,0,0,0,0,0,0,0,0,0,0,0,0,0,0,1,0,1,0,0,0,0,0,0,0,0,0,2
EMMANUEL BERGADO I,2024,0,0,0,0,0,0,0,0,0,0,0,0,1,0,1,0,0,0,0,0,0,3,0,3,2,0,2,3,0,3,6,0,6,1,0,1,16
EMMANUEL BERGADO II,2010,0,0,0,0,0,0,0,0,0,0,0,0,0,0,0,0,0,0,0,0,0,0,0,0,0,0,0,1,0,1,0,0,0,0,0,0,1
EMMANUEL BERGADO II,2011,0,0,0,0,0,0,0,0,0,0,0,0,1,0,1,0,0,0,0,0,0,4,0,4,0,0,0,0,0,0,0,0,0,0,0,0,5
EMMANUEL BERGADO II,2012,0,0,0,0,0,0,0,0,0,0,0,0,0,0,0,0,0,0,2,0,2,0,0,0,0,0,0,0,0,0,0,0,0,0,0,0,2
EMMANUEL BERGADO II,2013,0,0,0,0,0,0,0,0,0,0,0,0,0,0,0,0,0,0,0,0,0,0,0,0,0,0,0,0,0,0,0,0,0,1,0,1,1
EMMANUEL BERGADO II,2014,0,0,0,0,0,0,0,0,0,0,0,0,0,0,0,0,0,0,2,0,2,0,0,0,0,0,0,0,0,0,0,0,0,0,0,0,2
EMMANUEL BERGADO II,2015,1,0,1,0,0,0,0,0,0,0,0,0,0,0,0,0,0,0,0,0,0,0,0,0,1,0,1,4,2,2,2,1,1,0,0,0,8
EMMANUEL BERGADO II,2016,0,0,0,1,0,1,0,0,0,0,0,0,0,0,0,0,0,0,2,0,2,0,0,0,2,0,2,0,0,0,0,0,0,0,0,0,5
EMMANUEL BERGADO II,2017,0,0,0,0,0,0,0,0,0,0,0,0,0,0,0,0,0,0,0,0,0,1,0,1,1,0,1,1,0,1,0,0,0,0,0,0,3
EMMANUEL BERGADO II,2018,1,0,1,1,0,1,0,0,0,0,0,0,0,0,0,0,0,0,0,0,0,0,0,0,0,0,0,0,0,0,1,0,1,0,0,0,3
EMMANUEL BERGADO II,2019,0,0,0,0,0,0,1,0,1,0,0,0,0,0,0,0,0,0,0,0,0,6,0,6,6,0,6,6,0,6,2,0,2,2,0,2,23
EMMANUEL BERGADO II,2020,1,0,1,0,0,0,1,0,1,0,0,0,0,0,0,0,0,0,0,0,0,0,0,0,0,0,0,0,0,0,1,0,1,0,0,0,3
EMMANUEL BERGADO II,2021,0,0,0,1,1,0,1,0,1,0,0,0,0,0,0,1,0,1,0,0,0,0,0,0,0,0,0,0,0,0,0,0,0,0,0,0,3
EMMANUEL BERGADO II,2022,0,0,0,0,0,0,0,0,0,0,0,0,0,0,0,0,0,0,0,0,0,0,0,0,1,0,1,0,0,0,0,0,0,0,0,0,1
EMMANUEL BERGADO II,2023,0,0,0,0,0,0,0,0,0,0,0,0,0,0,0,0,0,0,0,0,0,0,0,0,1,0,1,0,0,0,0,0,0,0,0,0,1
EMMANUEL BERGADO II,2024,0,0,0,1,0,1,0,0,0,0,0,0,0,0,0,0,0,0,1,0,1,0,0,0,1,0,1,4,0,4,0,0,0,2,0,2,9
FATIMA I,2010,0,0,0,0,0,0,0,0,0,0,0,0,0,0,0,0,0,0,0,0,0,1,0,1,0,0,0,2,0,2,0,0,0,2,0,2,5
FATIMA I,2011,1,0,1,0,0,0,0,0,0,2,0,2,0,0,0,0,0,0,1,0,1,0,0,0,0,0,0,0,0,0,0,0,0,0,0,0,4
FATIMA I,2012,0,0,0,1,0,1,1,0,1,0,0,0,0,0,0,0,0,0,0,0,0,0,0,0,0,0,0,0,0,0,1,0,1,0,0,0,3
FATIMA I,2013,0,0,0,0,0,0,0,0,0,0,0,0,0,0,0,0,0,0,1,0,1,2,0,2,3,0,3,0,0,0,0,0,0,0,0,0,6
FATIMA I,2014,0,0,0,1,0,1,1,0,1,0,0,0,0,0,0,0,0,0,0,0,0,0,0,0,0,0,0,0,0,0,1,0,1,0,0,0,3
FATIMA I,2015,2,2,0,0,0,0,0,0,0,0,0,0,2,2,0,0,0,0,0,0,0,1,0,1,2,2,0,2,1,1,7,5,2,1,1,0,17
FATIMA I,2016,4,0,4,0,0,0,1,0,1,1,0,1,0,0,0,0,0,0,0,0,0,1,0,1,0,0,0,0,0,0,2,0,2,5,0,5,14
FATIMA I,2017,0,0,0,1,0,1,0,0,0,0,0,0,0,0,0,0,0,0,2,0,2,0,0,0,1,0,1,1,0,1,0,0,0,0,0,0,5
FATIMA I,2018,2,0,2,0,0,0,1,0,1,0,0,0,0,0,0,0,0,0,0,0,0,1,0,1,2,0,2,1,0,1,2,0,2,1,0,1,10
FATIMA I,2019,0,0,0,0,0,0,0,0,0,0,0,0,0,0,0,1,0,1,10,0,10,11,0,11,19,0,19,6,0,6,2,0,2,0,0,0,49
FATIMA I,2020,3,0,3,0,0,0,0,0,0,0,0,0,0,0,0,0,0,0,0,0,0,0,0,0,0,0,0,0,0,0,0,0,0,1,0,1,4
FATIMA I,2022,1,0,1,0,0,0,0,0,0,0,0,0,0,0,0,0,0,0,0,0,0,0,0,0,1,0,1,0,0,0,0,0,0,2,0,2,4
FATIMA I,2023,0,0,0,0,0,0,0,0,0,0,0,0,0,0,0,1,0,1,0,0,0,0,0,0,0,0,0,0,0,0,0,0,0,0,0,0,1
FATIMA I,2024,1,0,1,1,0,1,1,0,1,0,0,0,0,0,0,0,0,0,0,0,0,2,0,2,2,0,2,4,0,4,6,0,6,5,0,5,22
FATIMA II,2010,0,0,0,0,0,0,0,0,0,0,0,0,0,0,0,0,0,0,0,0,0,0,0,0,0,0,0,3,0,3,1,0,1,0,0,0,4
FATIMA II,2011,0,0,0,0,0,0,0,0,0,0,0,0,0,0,0,0,0,0,0,0,0,1,0,1,0,0,0,0,0,0,0,0,0,1,0,1,2
FATIMA II,2012,2,0,2,0,0,0,0,0,0,0,0,0,0,0,0,0,0,0,0,0,0,1,0,1,2,0,2,0,0,0,0,0,0,0,0,0,5
FATIMA II,2013,0,0,0,0,0,0,0,0,0,0,0,0,0,0,0,0,0,0,0,0,0,0,0,0,0,0,0,0,0,0,0,0,0,2,0,2,2
FATIMA II,2014,2,0,2,0,0,0,0,0,0,0,0,0,0,0,0,0,0,0,0,0,0,1,0,1,2,0,2,0,0,0,0,0,0,0,0,0,5
FATIMA II,2015,2,0,2,0,0,0,1,0,1,1,0,1,0,0,0,0,0,0,1,0,1,0,0,0,7,2,5,9,8,1,3,1,2,1,0,1,25
FATIMA II,2016,0,0,0,1,0,1,1,0,1,0,0,0,0,0,0,0,0,0,0,0,0,1,0,1,1,0,1,1,0,1,2,0,2,0,0,0,7
FATIMA II,2017,2,0,2,0,0,0,0,0,0,0,0,0,0,0,0,0,0,0,0,0,0,0,0,0,0,0,0,0,0,0,0,0,0,0,0,0,2
FATIMA II,2018,0,0,0,1,0,1,0,0,0,0,0,0,0,0,0,0,0,0,0,0,0,1,0,1,1,0,1,3,0,3,2,0,2,0,0,0,8
FATIMA II,2019,0,0,0,0,0,0,1,0,1,0,0,0,0,0,0,9,0,9,12,0,12,10,0,10,9,0,9,2,0,2,3,0,3,0,0,0,46
FATIMA II,2020,1,0,1,0,0,0,0,0,0,0,0,0,0,0,0,0,0,0,0,0,0,0,0,0,0,0,0,0,0,0,0,0,0,1,0,1,2
FATIMA II,2021,1,0,1,0,0,0,1,0,1,1,0,1,0,0,0,0,0,0,0,0,0,0,0,0,0,0,0,0,0,0,1,1,0,0,0,0,4
FATIMA II,2022,0,0,0,0,0,0,0,0,0,0,0,0,0,0,0,0,0,0,0,0,0,1,0,1,0,0,0,0,0,0,1,0,1,0,0,0,2
FATIMA II,2023,0,0,0,0,0,0,0,0,0,0,0,0,0,0,0,1,0,1,0,0,0,1,0,1,0,0,0,0,0,0,0,0,0,0,0,0,2
FATIMA II,2024,0,0,0,0,0,0,0,0,0,0,0,0,0,0,0,0,0,0,0,0,0,0,0,0,2,0,2,3,0,3,1,0,1,0,0,0,6
FATIMA III,2010,0,0,0,0,0,0,0,0,0,0,0,0,0,0,0,0,0,0,0,0,0,1,0,1,0,0,0,0,0,0,1,0,1,0,0,0,2
FATIMA III,2011,0,0,0,0,0,0,0,0,0,0,0,0,0,0,0,0,0,0,0,0,0,0,0,0,0,0,0,0,0,0,0,0,0,1,0,1,1
FATIMA III,2012,0,0,0,0,0,0,0,0,0,0,0,0,0,0,0,0,0,0,0,0,0,0,0,0,0,0,0,2,0,2,1,0,1,1,0,1,4
FATIMA III,2013,0,0,0,1,0,1,0,0,0,0,0,0,0,0,0,0,0,0,1,0,1,0,0,0,2,0,2,0,0,0,0,0,0,0,0,0,4
FATIMA III,2014,0,0,0,0,0,0,0,0,0,0,0,0,0,0,0,0,0,0,0,0,0,0,0,0,0,0,0,2,0,2,1,0,1,1,0,1,4
FATIMA III,2015,1,1,0,1,0,1,2,1,1,1,0,1,1,1,0,0,0,0,2,1,1,3,2,1,3,2,1,3,2,1,1,1,0,1,0,1,19
FATIMA III,2016,0,0,0,1,0,1,0,0,0,0,0,0,0,0,0,0,0,0,1,0,1,0,0,0,0,0,0,0,0,0,0,0,0,2,0,2,4
FATIMA III,2017,0,0,0,1,0,1,0,0,0,0,0,0,0,0,0,0,0,0,0,0,0,0,0,0,0,0,0,2,0,2,0,0,0,0,0,0,3
FATIMA III,2018,0,0,0,0,0,0,0,0,0,0,0,0,0,0,0,1,0,1,0,0,0,0,0,0,1,0,1,3,0,3,1,0,1,0,0,0,6
FATIMA III,2019,1,0,1,0,0,0,0,0,0,0,0,0,0,0,0,0,0,0,1,0,1,4,0,4,2,0,2,5,0,5,0,0,0,2,0,2,15
FATIMA III,2020,2,0,2,2,0,2,1,0,1,0,0,0,0,0,0,0,0,0,0,0,0,0,0,0,0,0,0,0,0,0,0,0,0,1,0,1,6
FATIMA III,2021,5,1,4,1,0,1,0,0,0,0,0,0,0,0,0,0,0,0,0,0,0,0,0,0,0,0,0,0,0,0,0,0,0,0,0,0,6
FATIMA III,2022,0,0,0,0,0,0,0,0,0,0,0,0,0,0,0,0,0,0,0,0,0,0,0,0,0,0,0,1,0,1,0,0,0,0,0,0,1
FATIMA III,2023,0,0,0,1,0,1,0,0,0,0,0,0,0,0,0,0,0,0,0,0,0,0,0,0,0,0,0,0,0,0,0,0,0,0,0,0,1
FATIMA III,2024,0,0,0,0,0,0,0,0,0,0,0,0,0,0,0,1,0,1,0,0,0,3,0,3,6,0,6,3,0,3,5,0,5,3,0,3,21
H-II,2010,0,0,0,0,0,0,0,0,0,0,0,0,0,0,0,0,0,0,0,0,0,1,0,1,2,0,2,1,0,1,1,0,1,0,0,0,5
H-II,2015,0,0,0,0,0,0,0,0,0,0,0,0,0,0,0,0,0,0,0,0,0,0,0,0,1,1,0,0,0,0,0,0,0,0,0,0,1
H-II,2017,0,0,0,0,0,0,0,0,0,0,0,0,0,0,0,0,0,0,0,0,0,0,0,0,0,0,0,0,0,0,1,0,1,1,0,1,2
H-II,2018,0,0,0,0,0,0,0,0,0,0,0,0,0,0,0,0,0,0,0,0,0,0,0,0,0,0,0,0,0,0,1,0,1,0,0,0,1
H-II,2024,0,0,0,0,0,0,0,0,0,0,0,0,0,0,0,2,0,2,0,0,0,3,0,3,10,1,9,23,0,23,16,0,16,8,0,8,62
LANGKAAN I,2010,0,0,0,0,0,0,0,0,0,0,0,0,0,0,0,0,0,0,0,0,0,2,0,2,4,0,4,5,0,5,3,0,3,1,0,1,15
LANGKAAN I,2011,3,0,3,0,0,0,1,0,1,1,0,1,1,0,1,4,0,4,7,0,7,4,0,4,5,0,5,1,0,1,2,0,2,0,0,0,29
LANGKAAN I,2012,2,0,2,3,0,3,2,0,2,2,0,2,1,0,1,0,0,0,3,0,3,1,0,1,1,0,1,4,0,4,0,0,0,0,0,0,19
LANGKAAN I,2013,0,0,0,0,0,0,0,0,0,0,0,0,2,0,2,2,0,2,14,0,14,9,0,9,20,0,20,5,0,5,6,0,6,7,0,7,65
LANGKAAN I,2014,2,0,2,3,0,3,2,0,2,2,0,2,1,0,1,0,0,0,3,0,3,1,0,1,1,0,1,4,0,4,0,0,0,0,0,0,19
LANGKAAN I,2015,3,1,2,2,1,1,2,1,1,0,0,0,0,0,0,1,1,0,1,1,0,8,5,3,15,6,9,26,9,17,10,6,4,2,2,0,70
LANGKAAN I,2016,2,0,2,1,0,1,0,0,0,0,0,0,1,0,1,2,0,2,2,0,2,3,0,3,6,0,6,1,0,1,1,0,1,1,0,1,20
LANGKAAN I,2017,1,0,1,1,0,1,1,0,1,0,0,0,0,0,0,0,0,0,2,0,2,11,0,11,9,0,9,12,0,12,5,0,5,1,0,1,43
LANGKAAN I,2018,3,0,3,3,0,3,1,0,1,3,0,3,1,0,1,0,0,0,0,0,0,1,0,1,3,0,3,7,0,7,5,0,5,11,0,11,38
LANGKAAN I,2019,12,0,12,13,1,12,5,0,5,1,0,1,2,0,2,5,0,5,22,0,22,39,0,39,29,1,28,15,0,15,11,0,11,4,0,4,158
LANGKAAN I,2020,2,0,2,1,0,1,0,0,0,0,0,0,0,0,0,0,0,0,0,0,0,1,0,1,0,0,0,1,0,1,1,0,1,2,0,2,8
LANGKAAN I,2021,1,0,1,0,0,0,2,2,0,0,0,0,1,0,1,1,1,0,0,0,0,1,1,0,1,0,1,0,0,0,2,1,1,0,0,0,9
LANGKAAN I,2022,1,0,1,1,0,1,0,0,0,0,0,0,3,0,3,0,0,0,3,0,3,3,0,3,1,0,1,0,0,0,3,0,3,0,0,0,15
LANGKAAN I,2023,1,0,1,0,0,0,2,0,2,1,0,1,4,0,4,1,0,1,0,0,0,2,0,2,2,0,2,5,0,5,0,0,0,2,0,2,20
LANGKAAN I,2024,3,0,3,3,0,3,0,0,0,1,0,1,0,0,0,1,0,1,3,0,3,3,0,3,10,0,10,15,0,15,14,0,14,13,0,13,66
LANGKAAN II,2010,0,0,0,1,0,1,0,0,0,0,0,0,0,0,0,0,0,0,0,0,0,2,0,2,4,0,4,4,0,4,2,0,2,2,0,2,15
LANGKAAN II,2011,5,0,5,4,0,4,1,0,1,0,0,0,1,0,1,5,0,5,7,0,7,13,0,13,8,0,8,6,0,6,7,0,7,0,0,0,57
LANGKAAN II,2012,5,0,5,0,0,0,0,0,0,5,0,5,0,0,0,2,0,2,2,0,2,5,0,5,4,0,4,14,0,14,1,0,1,1,0,1,39
LANGKAAN II,2013,0,0,0,0,0,0,0,0,0,0,0,0,0,0,0,5,0,5,4,0,4,10,0,10,7,0,7,11,0,11,6,0,6,3,0,3,46
LANGKAAN II,2014,5,0,5,0,0,0,0,0,0,5,0,5,0,0,0,2,0,2,2,0,2,5,0,5,4,0,4,14,0,14,1,0,1,1,0,1,39
LANGKAAN II,2015,3,3,0,0,0,0,1,0,1,0,0,0,0,0,0,1,1,0,4,2,2,14,6,8,24,14,10,14,6,8,10,7,3,3,1,2,74
LANGKAAN II,2016,2,0,2,0,0,0,0,0,0,1,0,1,1,0,1,0,0,0,1,0,1,8,0,8,13,0,13,16,1,15,6,0,6,4,0,4,52
LANGKAAN II,2017,3,0,3,3,0,3,1,0,1,1,0,1,0,0,0,0,0,0,1,0,1,7,0,7,5,0,5,3,0,3,6,0,6,2,0,2,32
LANGKAAN II,2018,6,0,6,0,0,0,3,0,3,0,0,0,1,0,1,0,0,0,1,0,1,5,0,5,3,0,3,5,0,5,5,0,5,8,0,8,37
LANGKAAN II,2019,8,0,8,14,0,14,7,0,7,5,0,5,2,0,2,15,0,15,79,0,79,144,1,143,68,0,68,22,0,22,12,0,12,7,0,7,383
LANGKAAN II,2020,7,0,7,6,0,6,4,0,4,0,0,0,1,0,1,0,0,0,1,0,1,0,0,0,0,0,0,0,0,0,2,0,2,2,0,2,23
LANGKAAN II,2021,2,1,1,1,1,0,0,0,0,0,0,0,1,0,1,0,0,0,2,2,0,0,0,0,0,0,0,1,1,0,13,5,8,8,4,4,28
LANGKAAN II,2022,0,0,0,0,0,0,1,0,1,1,0,1,1,0,1,3,0,3,4,0,4,2,0,2,1,0,1,1,0,1,2,0,2,1,0,1,17
LANGKAAN II,2023,2,0,2,0,0,0,2,0,2,1,0,1,2,0,2,0,0,0,0,0,0,3,0,3,0,0,0,0,0,0,0,0,0,2,0,2,12
LANGKAAN II,2024,2,0,2,1,0,1,0,0,0,0,0,0,0,0,0,1,0,1,6,0,6,15,0,15,12,0,12,16,0,16,19,0,19,18,0,18,90
LUZVIMINDA I,2011,0,0,0,0,0,0,1,0,1,0,0,0,0,0,0,0,0,0,0,0,0,5,0,5,1,0,1,1,0,1,0,0,0,0,0,0,8
LUZVIMINDA I,2012,0,0,0,0,0,0,0,0,0,0,0,0,0,0,0,0,0,0,0,0,0,1,0,1,4,0,4,0,0,0,2,0,2,0,0,0,7
LUZVIMINDA I,2014,0,0,0,0,0,0,0,0,0,0,0,0,0,0,0,0,0,0,0,0,0,1,0,1,4,0,4,0,0,0,2,0,2,0,0,0,7
LUZVIMINDA I,2015,0,0,0,0,0,0,0,0,0,0,0,0,0,0,0,0,0,0,1,0,1,2,1,1,0,0,0,5,5,0,4,1,3,0,0,0,12
LUZVIMINDA I,2016,0,0,0,0,0,0,0,0,0,0,0,0,0,0,0,0,0,0,0,0,0,2,0,2,0,0,0,0,0,0,0,0,0,1,0,1,3
LUZVIMINDA I,2017,1,0,1,0,0,0,0,0,0,0,0,0,0,0,0,0,0,0,0,0,0,0,0,0,0,0,0,0,0,0,0,0,0,0,0,0,1
LUZVIMINDA I,2018,0,0,0,0,0,0,0,0,0,0,0,0,0,0,0,0,0,0,1,0,1,0,0,0,0,0,0,0,0,0,2,0,2,1,0,1,4
LUZVIMINDA I,2019,1,0,1,1,0,1,0,0,0,0,0,0,0,0,0,0,0,0,3,0,3,6,0,6,6,0,6,1,0,1,1,0,1,1,0,1,20
LUZVIMINDA I,2020,1,0,1,0,0,0,0,0,0,0,0,0,0,0,0,1,0,1,0,0,0,0,0,0,0,0,0,0,0,0,3,0,3,0,0,0,5
LUZVIMINDA I,2021,1,0,1,0,0,0,0,0,0,0,0,0,0,0,0,0,0,0,0,0,0,0,0,0,0,0,0,0,0,0,0,0,0,0,0,0,1
LUZVIMINDA I,2022,0,0,0,0,0,0,0,0,0,0,0,0,0,0,0,0,0,0,0,0,0,0,0,0,4,0,4,0,0,0,0,0,0,0,0,0,4
LUZVIMINDA I,2023,0,0,0,0,0,0,0,0,0,0,0,0,0,0,0,0,0,0,0,0,0,0,0,0,0,0,0,2,0,2,0,0,0,0,0,0,2
LUZVIMINDA I,2024,0,0,0,0,0,0,0,0,0,0,0,0,0,0,0,0,0,0,0,0,0,0,0,0,0,0,0,0,0,0,2,0,2,2,0,2,4
LUZVIMINDA II,2011,1,0,1,0,0,0,0,0,0,0,0,0,0,0,0,0,0,0,0,0,0,2,0,2,3,0,3,0,0,0,0,0,0,0,0,0,6
LUZVIMINDA II,2012,0,0,0,0,0,0,0,0,0,0,0,0,0,0,0,0,0,0,0,0,0,0,0,0,1,0,1,0,0,0,0,0,0,0,0,0,1
LUZVIMINDA II,2013,1,0,1,0,0,0,0,0,0,0,0,0,0,0,0,0,0,0,1,0,1,0,0,0,0,0,0,0,0,0,1,0,1,0,0,0,3
LUZVIMINDA II,2014,0,0,0,0,0,0,0,0,0,0,0,0,0,0,0,0,0,0,0,0,0,0,0,0,1,0,1,0,0,0,0,0,0,0,0,0,1
LUZVIMINDA II,2015,1,1,0,0,0,0,1,0,1,0,0,0,0,0,0,1,1,0,1,1,0,2,1,1,3,1,2,10,4,6,1,1,0,0,0,0,20
LUZVIMINDA II,2016,2,0,2,0,0,0,0,0,0,0,0,0,0,0,0,0,0,0,0,0,0,0,0,0,0,0,0,0,0,0,0,0,0,0,0,0,2
LUZVIMINDA II,2017,0,0,0,1,0,1,0,0,0,0,0,0,0,0,0,0,0,0,0,0,0,1,0,1,1,0,1,0,0,0,0,0,0,0,0,0,3
LUZVIMINDA II,2018,0,0,0,0,0,0,0,0,0,0,0,0,0,0,0,0,0,0,0,0,0,0,0,0,1,0,1,2,0,2,1,0,1,1,0,1,5
LUZVIMINDA II,2019,0,0,0,1,0,1,0,0,0,0,0,0,0,0,0,0,0,0,10,0,10,25,0,25,17,0,17,4,0,4,4,0,4,0,0,0,61
LUZVIMINDA II,2020,2,0,2,0,0,0,0,0,0,0,0,0,0,0,0,0,0,0,0,0,0,0,0,0,0,0,0,0,0,0,0,0,0,2,0,2,4
LUZVIMINDA II,2022,0,0,0,0,0,0,0,0,0,0,0,0,0,0,0,0,0,0,0,0,0,1,0,1,0,0,0,1,0,1,0,0,0,0,0,0,2
LUZVIMINDA II,2023,0,0,0,0,0,0,0,0,0,0,0,0,0,0,0,0,0,0,0,0,0,0,0,0,0,0,0,0,0,0,1,0,1,0,0,0,1
LUZVIMINDA II,2024,0,0,0,0,0,0,0,0,0,0,0,0,0,0,0,0,0,0,0,0,0,1,0,1,1,0,1,0,0,0,5,0,5,0,0,0,7
PALIPARAN I,2010,0,0,0,0,0,0,1,0,1,0,0,0,0,0,0,1,0,1,3,1,2,3,0,3,8,0,8,6,0,6,2,0,2,1,0,1,25
PALIPARAN I,2011,2,0,2,0,0,0,0,0,0,0,0,0,1,0,1,1,0,1,2,0,2,2,0,2,1,0,1,1,0,1,1,0,1,0,0,0,11
PALIPARAN I,2012,6,0,6,1,0,1,2,0,2,1,0,1,0,0,0,0,0,0,2,0,2,3,0,3,11,0,11,8,0,8,0,0,0,0,0,0,34
PALIPARAN I,2013,2,0,2,1,0,1,0,0,0,0,0,0,0,0,0,0,0,0,1,0,1,4,0,4,5,0,5,6,0,6,2,0,2,1,0,1,22
PALIPARAN I,2014,6,0,6,1,0,1,2,0,2,1,0,1,0,0,0,0,0,0,2,0,2,3,0,3,11,0,11,8,0,8,0,0,0,0,0,0,34
PALIPARAN I,2015,3,1,2,8,2,6,0,0,0,2,0,2,2,0,2,1,1,0,6,3,3,13,10,3,14,6,8,19,14,5,11,7,4,1,0,1,80
PALIPARAN I,2016,1,0,1,1,0,1,0,0,0,0,0,0,0,0,0,0,0,0,0,0,0,1,0,1,3,0,3,1,0,1,1,0,1,0,0,0,8
PALIPARAN I,2017,0,0,0,0,0,0,0,0,0,1,0,1,0,0,0,0,0,0,2,0,2,0,0,0,0,0,0,3,0,3,1,0,1,2,0,2,9
PALIPARAN I,2018,0,0,0,1,0,1,0,0,0,0,0,0,0,0,0,0,0,0,1,0,1,6,0,6,1,0,1,4,0,4,1,0,1,2,0,2,16
PALIPARAN I,2019,6,0,6,5,0,5,0,0,0,0,0,0,10,1,9,39,0,39,60,1,59,49,0,49,36,0,36,17,0,17,6,0,6,8,0,8,236
PALIPARAN I,2020,3,0,3,3,0,3,0,0,0,0,0,0,0,0,0,1,0,1,0,0,0,0,0,0,0,0,0,1,0,1,1,0,1,0,0,0,9
PALIPARAN I,2021,3,2,1,2,0,2,0,0,0,0,0,0,0,0,0,0,0,0,1,0,1,1,1,0,0,0,0,4,3,1,2,2,0,0,0,0,13
PALIPARAN I,2022,1,0,1,0,0,0,0,0,0,0,0,0,0,0,0,1,0,1,0,0,0,5,0,5,1,0,1,1,0,1,0,0,0,2,0,2,11
PALIPARAN I,2023,0,0,0,0,0,0,0,0,0,0,0,0,1,0,1,1,0,1,0,0,0,2,0,2,3,0,3,2,0,2,1,0,1,0,0,0,10
PALIPARAN I,2024,2,0,2,0,0,0,0,0,0,1,0,1,2,0,2,1,0,1,0,0,0,1,0,1,3,0,3,2,0,2,1,0,1,3,0,3,16
PALIPARAN II,2010,1,0,1,0,0,0,0,0,0,0,0,0,0,0,0,0,0,0,3,0,3,7,0,7,9,0,9,5,0,5,0,0,0,2,0,2,27
PALIPARAN II,2011,0,0,0,0,0,0,1,0,1,0,0,0,0,0,0,1,1,0,0,0,0,1,0,1,0,0,0,0,0,0,1,0,1,0,0,0,4
PALIPARAN II,2012,0,0,0,0,0,0,0,0,0,0,0,0,1,0,1,1,0,1,1,0,1,1,0,1,2,0,2,0,0,0,0,0,0,1,0,1,7
PALIPARAN II,2013,0,0,0,1,0,1,0,0,0,0,0,0,0,0,0,0,0,0,1,0,1,0,0,0,1,0,1,0,0,0,0,0,0,2,0,2,5
PALIPARAN II,2014,0,0,0,0,0,0,0,0,0,0,0,0,1,0,1,1,0,1,1,0,1,1,0,1,2,0,2,0,0,0,0,0,0,1,0,1,7
PALIPARAN II,2015,0,0,0,3,3,0,2,2,0,3,3,0,1,1,0,8,5,3,3,1,2,5,4,1,13,10,3,15,5,10,7,3,4,1,1,0,61
PALIPARAN II,2016,2,0,2,0,0,0,0,0,0,1,0,1,0,0,0,0,0,0,0,0,0,3,0,3,3,0,3,1,0,1,2,0,2,2,0,2,14
PALIPARAN II,2017,1,0,1,1,0,1,0,0,0,1,0,1,0,0,0,2,0,2,3,0,3,0,0,0,0,0,0,2,0,2,1,0,1,1,0,1,12
PALIPARAN II,2018,1,0,1,0,0,0,2,0,2,1,0,1,0,0,0,0,0,0,1,0,1,1,0,1,1,0,1,1,0,1,11,0,11,1,0,1,20
PALIPARAN II,2019,2,0,2,3,1,2,0,0,0,2,0,2,1,0,1,2,0,2,19,0,19,21,0,21,29,0,29,14,0,14,7,0,7,5,0,5,105
PALIPARAN II,2020,1,0,1,2,0,2,0,0,0,0,0,0,0,0,0,0,0,0,0,0,0,0,0,0,0,0,0,0,0,0,1,0,1,0,0,0,4
PALIPARAN II,2021,1,0,1,4,2,2,1,0,1,0,0,0,0,0,0,0,0,0,0,0,0,2,2,0,2,1,1,1,1,0,0,0,0,0,0,0,11
PALIPARAN II,2022,1,0,1,1,0,1,1,0,1,0,0,0,0,0,0,1,0,1,0,0,0,0,0,0,0,0,0,1,0,1,0,0,0,0,0,0,5
PALIPARAN II,2023,3,0,3,0,0,0,1,0,1,1,0,1,0,0,0,0,0,0,0,0,0,2,0,2,2,0,2,2,0,2,2,0,2,2,0,2,15
PALIPARAN II,2024,0,0,0,0,0,0,0,0,0,0,0,0,0,0,0,1,0,1,3,0,3,3,0,3,3,0,3,6,1,5,15,0,15,7,0,7,38
PALIPARAN III,2010,0,0,0,0,0,0,0,0,0,0,0,0,0,0,0,0,0,0,2,1,1,5,0,5,3,0,3,3,0,3,2,0,2,1,0,1,16
PALIPARAN III,2011,1,0,1,3,0,3,2,0,2,0,0,0,0,0,0,0,0,0,0,0,0,2,0,2,0,0,0,1,0,1,1,0,1,0,0,0,10
PALIPARAN III,2012,3,0,3,0,0,0,0,0,0,1,0,1,0,0,0,3,0,3,6,0,6,4,0,4,7,0,7,8,0,8,5,0,5,2,0,2,39
PALIPARAN III,2013,0,0,0,0,0,0,0,0,0,0,0,0,2,0,2,0,0,0,1,0,1,8,0,8,13,0,13,9,0,9,3,0,3,2,0,2,38
PALIPARAN III,2014,3,0,3,0,0,0,0,0,0,1,0,1,0,0,0,3,0,3,6,0,6,4,0,4,7,0,7,8,0,8,5,0,5,2,0,2,39
PALIPARAN III,2015,3,2,1,0,0,0,2,2,0,0,0,0,0,0,0,2,1,1,6,3,3,9,3,6,20,10,10,43,19,24,25,13,12,7,5,2,117
PALIPARAN III,2016,3,0,3,1,0,1,2,0,2,1,0,1,0,0,0,0,0,0,2,0,2,5,0,5,0,0,0,4,0,4,2,0,2,2,0,2,22
PALIPARAN III,2017,1,0,1,0,0,0,1,0,1,1,0,1,3,0,3,1,0,1,5,0,5,12,0,12,9,0,9,4,1,3,5,0,5,5,0,5,47
PALIPARAN III,2018,4,0,4,0,0,0,0,0,0,1,0,1,0,0,0,2,0,2,0,0,0,0,0,0,0,0,0,4,0,4,3,0,3,4,0,4,18
PALIPARAN III,2019,6,1,5,10,0,10,11,1,10,4,0,4,13,0,13,13,0,13,85,0,85,109,0,109,65,0,65,32,1,31,7,0,7,6,0,6,361
PALIPARAN III,2020,7,0,7,0,0,0,0,0,0,0,0,0,0,0,0,0,0,0,1,0,1,0,0,0,0,0,0,1,0,1,4,0,4,3,0,3,16
PALIPARAN III,2021,11,4,7,1,1,0,4,2,2,0,0,0,1,0,1,0,0,0,1,1,0,0,0,0,0,0,0,0,0,0,1,1,0,1,1,0,20
PALIPARAN III,2022,0,0,0,0,0,0,0,0,0,0,0,0,0,0,0,2,0,2,3,0,3,4,0,4,3,0,3,0,0,0,1,0,1,1,0,1,14
PALIPARAN III,2023,0,0,0,0,0,0,0,0,0,2,0,2,0,0,0,1,0,1,3,0,3,1,0,1,4,1,3,5,0,5,3,0,3,3,1,2,22
PALIPARAN III,2024,5,0,5,0,0,0,5,0,5,1,0,1,0,0,0,2,0,2,4,0,4,7,0,7,11,0,11,26,0,26,22,0,22,22,0,22,105
SABANG,2010,0,0,0,0,0,0,0,0,0,1,0,1,0,0,0,0,0,0,1,0,1,7,0,7,16,0,16,12,0,12,8,0,8,5,0,5,50
SABANG,2011,3,0,3,1,0,1,0,0,0,1,0,1,0,0,0,3,0,3,11,0,11,4,0,4,2,0,2,6,0,6,1,0,1,1,0,1,33
SABANG,2012,1,0,1,1,0,1,2,0,2,0,0,0,1,0,1,1,0,1,0,0,0,0,0,0,3,0,3,4,0,4,3,0,3,3,0,3,19
SABANG,2013,0,0,0,1,0,1,0,0,0,0,0,0,0,0,0,1,0,1,1,0,1,2,0,2,8,0,8,4,0,4,3,0,3,3,0,3,23
SABANG,2014,1,0,1,1,0,1,2,0,2,0,0,0,1,0,1,1,0,1,0,0,0,0,0,0,3,0,3,4,0,4,3,0,3,3,0,3,19
SABANG,2015,11,6,5,3,2,1,1,0,1,0,0,0,0,0,0,1,1,0,1,0,1,5,3,2,8,3,5,19,7,12,11,5,6,4,3,1,64
SABANG,2016,2,0,2,2,0,2,1,0,1,0,0,0,1,0,1,0,0,0,2,0,2,3,0,3,1,0,1,3,0,3,4,1,3,1,0,1,20
SABANG,2017,0,0,0,1,0,1,0,0,0,0,0,0,0,0,0,0,0,0,2,0,2,0,0,0,2,0,2,1,0,1,3,0,3,4,0,4,13
SABANG,2018,5,0,5,1,0,1,3,0,3,0,0,0,0,0,0,0,0,0,0,0,0,2,0,2,2,0,2,7,0,7,3,0,3,3,0,3,26
SABANG,2019,10,0,10,2,0,2,1,0,1,1,0,1,4,0,4,1,0,1,30,0,30,31,0,31,25,0,25,27,0,27,22,0,22,5,0,5,159
SABANG,2020,2,0,2,3,0,3,0,0,0,0,0,0,0,0,0,0,0,0,0,0,0,0,0,0,0,0,0,0,0,0,0,0,0,0,0,0,5
SABANG,2021,2,2,0,0,0,0,0,0,0,0,0,0,0,0,0,1,0,1,0,0,0,0,0,0,1,0,1,3,2,1,8,5,3,1,0,1,16
SABANG,2022,4,0,4,0,0,0,0,0,0,0,0,0,0,0,0,2,0,2,6,0,6,6,0,6,1,0,1,2,0,2,1,0,1,1,0,1,23
SABANG,2023,1,0,1,2,0,2,0,0,0,1,0,1,0,0,0,0,0,0,0,0,0,1,0,1,1,0,1,1,0,1,1,0,1,2,0,2,10
SABANG,2024,1,0,1,0,0,0,0,0,0,2,0,2,0,0,0,0,0,0,0,0,0,1,0,1,8,0,8,13,0,13,8,0,8,11,0,11,44
SAINT PETER I,2010,0,0,0,0,0,0,0,0,0,0,0,0,0,0,0,0,0,0,0,0,0,0,0,0,0,0,0,2,0,2,0,0,0,0,0,0,2
SAINT PETER I,2011,0,0,0,0,0,0,0,0,0,0,0,0,0,0,0,0,0,0,0,0,0,0,0,0,0,0,0,1,0,1,1,0,1,0,0,0,2
SAINT PETER I,2012,0,0,0,0,0,0,0,0,0,0,0,0,0,0,0,0,0,0,0,0,0,1,0,1,0,0,0,0,0,0,0,0,0,0,0,0,1
SAINT PETER I,2013,0,0,0,0,0,0,0,0,0,0,0,0,0,0,0,0,0,0,0,0,0,0,0,0,1,0,1,1,0,1,0,0,0,0,0,0,2
SAINT PETER I,2014,0,0,0,0,0,0,0,0,0,0,0,0,0,0,0,0,0,0,0,0,0,1,0,1,0,0,0,0,0,0,0,0,0,0,0,0,1
SAINT PETER I,2015,0,0,0,0,0,0,0,0,0,1,0,1,0,0,0,0,0,0,3,2,1,0,0,0,4,3,1,2,1,1,1,1,0,2,1,1,13
SAINT PETER I,2016,1,0,1,0,0,0,0,0,0,0,0,0,0,0,0,0,0,0,0,0,0,0,0,0,0,0,0,0,0,0,0,0,0,0,0,0,1
SAINT PETER I,2017,0,0,0,0,0,0,0,0,0,0,0,0,0,0,0,0,0,0,0,0,0,0,0,0,0,0,0,0,0,0,1,0,1,1,0,1,2
SAINT PETER I,2018,1,0,1,0,0,0,0,0,0,0,0,0,0,0,0,0,0,0,0,0,0,0,0,0,0,0,0,0,0,0,0,0,0,0,0,0,1
SAINT PETER I,2019,0,0,0,0,0,0,0,0,0,0,0,0,0,0,0,0,0,0,1,0,1,1,0,1,4,0,4,2,0,2,2,0,2,0,0,0,10
SAINT PETER I,2020,1,0,1,2,0,2,2,0,2,0,0,0,0,0,0,0,0,0,0,0,0,0,0,0,0,0,0,0,0,0,0,0,0,0,0,0,5
SAINT PETER I,2021,0,0,0,1,0,1,0,0,0,0,0,0,0,0,0,0,0,0,0,0,0,0,0,0,1,0,1,0,0,0,0,0,0,0,0,0,2
SAINT PETER I,2022,0,0,0,0,0,0,0,0,0,0,0,0,1,0,1,1,0,1,0,0,0,4,0,4,0,0,0,0,0,0,1,0,1,0,0,0,7
SAINT PETER I,2024,0,0,0,0,0,0,0,0,0,0,0,0,0,0,0,0,0,0,0,0,0,0,0,0,2,0,2,2,0,2,1,0,1,1,0,1,6
SAINT PETER II,2010,0,0,0,0,0,0,0,0,0,0,0,0,0,0,0,0,0,0,0,0,0,0,0,0,0,0,0,1,0,1,0,0,0,0,0,0,1
SAINT PETER II,2011,0,0,0,0,0,0,0,0,0,0,0,0,0,0,0,0,0,0,2,0,2,0,0,0,0,0,0,0,0,0,0,0,0,0,0,0,2
SAINT PETER II,2013,1,0,1,0,0,0,0,0,0,0,0,0,0,0,0,0,0,0,1,0,1,0,0,0,0,0,0,0,0,0,0,0,0,1,0,1,3
SAINT PETER II,2015,0,0,0,0,0,0,1,1,0,0,0,0,0,0,0,0,0,0,0,0,0,2,2,0,6,5,1,13,9,4,6,2,4,0,0,0,28
SAINT PETER II,2016,1,0,1,0,0,0,0,0,0,0,0,0,0,0,0,0,0,0,0,0,0,0,0,0,0,0,0,0,0,0,0,0,0,1,0,1,2
SAINT PETER II,2017,0,0,0,0,0,0,0,0,0,0,0,0,0,0,0,0,0,0,1,0,1,1,0,1,1,0,1,0,0,0,1,0,1,0,0,0,4
SAINT PETER II,2018,4,0,4,0,0,0,0,0,0,0,0,0,0,0,0,0,0,0,0,0,0,0,0,0,0,0,0,1,0,1,3,0,3,0,0,0,8
SAINT PETER II,2019,0,0,0,0,0,0,0,0,0,0,0,0,1,0,1,0,0,0,0,0,0,2,0,2,8,0,8,2,0,2,2,0,2,0,0,0,15
SAINT PETER II,2022,0,0,0,0,0,0,0,0,0,1,0,1,0,0,0,0,0,0,2,0,2,2,0,2,2,0,2,1,0,1,0,0,0,0,0,0,8
SAINT PETER II,2023,0,0,0,0,0,0,0,0,0,0,0,0,0,0,0,0,0,0,1,0,1,0,0,0,0,0,0,0,0,0,0,0,0,0,0,0,1
SAINT PETER II,2024,0,0,0,0,0,0,0,0,0,0,0,0,0,0,0,0,0,0,1,0,1,1,0,1,1,0,1,1,0,1,0,0,0,1,0,1,5
SALAWAG,2010,0,0,0,1,0,1,0,0,0,0,0,0,0,0,0,1,0,1,1,0,1,1,0,1,9,0,9,11,0,11,5,0,5,1,0,1,30
SALAWAG,2011,6,0,6,2,0,2,1,0,1,0,0,0,0,0,0,0,0,0,1,0,1,3,0,3,4,0,4,0,0,0,0,0,0,1,0,1,18
SALAWAG,2012,2,0,2,2,0,2,4,0,4,2,0,2,0,0,0,7,0,7,25,0,25,9,0,9,19,0,19,11,0,11,4,0,4,1,0,1,86
SALAWAG,2013,3,0,3,0,0,0,2,0,2,0,0,0,0,0,0,1,0,1,4,0,4,3,0,3,6,0,6,7,0,7,7,0,7,3,0,3,36
SALAWAG,2014,2,0,2,2,0,2,4,0,4,2,0,2,0,0,0,7,0,7,25,0,25,9,0,9,19,0,19,11,0,11,4,0,4,1,0,1,86
SALAWAG,2015,10,6,4,13,9,4,5,2,3,2,0,2,1,1,0,1,1,0,2,1,1,15,8,7,30,19,11,69,34,35,21,15,6,13,6,7,182
SALAWAG,2016,7,0,7,6,0,6,1,0,1,0,0,0,1,0,1,0,0,0,2,0,2,3,0,3,1,0,1,1,0,1,4,0,4,3,0,3,29
SALAWAG,2017,3,0,3,5,0,5,5,0,5,4,0,4,0,0,0,1,0,1,5,0,5,11,1,10,16,1,15,9,2,7,11,0,11,5,0,5,75
SALAWAG,2018,7,0,7,3,0,3,1,0,1,0,0,0,2,0,2,4,0,4,1,0,1,3,0,3,5,0,5,24,0,24,20,1,19,14,0,14,84
SALAWAG,2019,10,0,10,9,1,8,10,0,10,3,0,3,4,0,4,13,0,13,45,0,45,52,1,51,61,0,61,25,0,25,25,0,25,15,0,15,272
SALAWAG,2020,14,0,14,7,0,7,0,0,0,0,0,0,0,0,0,1,0,1,0,0,0,0,0,0,0,0,0,1,0,1,3,0,3,2,0,2,28
SALAWAG,2021,2,2,0,2,2,0,1,1,0,2,1,1,1,0,1,0,0,0,0,0,0,1,0,1,1,1,0,2,1,1,4,3,1,0,0,0,16
SALAWAG,2022,0,0,0,1,0,1,0,0,0,0,0,0,1,0,1,1,0,1,4,0,4,1,0,1,3,0,3,2,0,2,4,0,4,6,0,6,23
SALAWAG,2023,6,0,6,1,0,1,3,0,3,5,0,5,5,0,5,5,0,5,3,0,3,3,0,3,10,0,10,16,0,16,8,0,8,5,0,5,70
SALAWAG,2024,9,0,9,7,0,7,4,0,4,4,0,4,2,0,2,1,0,1,11,0,11,5,0,5,8,0,8,39,0,39,46,0,46,40,0,40,176
SALITRAN I,2010,0,0,0,0,0,0,0,0,0,0,0,0,0,0,0,0,0,0,0,0,0,1,0,1,1,0,1,2,0,2,1,0,1,1,0,1,6
SALITRAN I,2011,4,0,4,1,0,1,0,0,0,1,0,1,0,0,0,0,0,0,1,0,1,1,0,1,5,0,5,2,0,2,0,0,0,0,0,0,15
SALITRAN I,2012,0,0,0,0,0,0,0,0,0,0,0,0,0,0,0,1,0,1,5,0,5,8,0,8,6,0,6,5,0,5,1,0,1,0,0,0,26
SALITRAN I,2013,1,0,1,0,0,0,1,0,1,0,0,0,3,0,3,1,0,1,1,0,1,1,0,1,3,0,3,3,0,3,4,0,4,3,0,3,21
SALITRAN I,2014,0,0,0,0,0,0,0,0,0,0,0,0,0,0,0,1,0,1,5,0,5,8,0,8,6,0,6,5,0,5,1,0,1,0,0,0,26
SALITRAN I,2015,2,1,1,0,0,0,1,1,0,0,0,0,0,0,0,0,0,0,1,1,0,2,0,2,15,9,6,11,8,3,7,6,1,5,4,1,44
SALITRAN I,2016,1,0,1,0,0,0,0,0,0,0,0,0,0,0,0,1,0,1,0,0,0,0,0,0,0,0,0,0,0,0,0,0,0,2,0,2,4
SALITRAN I,2017,1,0,1,0,0,0,0,0,0,0,0,0,0,0,0,0,0,0,0,0,0,0,0,0,3,0,3,2,0,2,4,0,4,2,0,2,12
SALITRAN I,2018,2,0,2,0,0,0,0,0,0,0,0,0,0,0,0,0,0,0,1,0,1,6,0,6,5,0,5,4,0,4,3,0,3,2,0,2,23
SALITRAN I,2019,3,0,3,3,0,3,2,0,2,1,0,1,0,0,0,1,0,1,6,0,6,22,0,22,14,0,14,4,0,4,3,0,3,4,0,4,63
SALITRAN I,2020,4,0,4,1,0,1,0,0,0,0,0,0,0,0,0,0,0,0,1,0,1,0,0,0,1,0,1,0,0,0,0,0,0,0,0,0,7
SALITRAN I,2021,5,2,3,3,1,2,1,0,1,0,0,0,0,0,0,0,0,0,0,0,0,0,0,0,0,0,0,1,1,0,2,0,2,0,0,0,12
SALITRAN I,2022,1,0,1,0,0,0,0,0,0,0,0,0,0,0,0,0,0,0,2,0,2,2,0,2,2,0,2,0,0,0,1,0,1,1,0,1,9
SALITRAN I,2023,0,0,0,0,0,0,0,0,0,0,0,0,1,0,1,0,0,0,1,0,1,1,0,1,2,0,2,1,0,1,0,0,0,1,0,1,7
SALITRAN I,2024,3,0,3,0,0,0,0,0,0,0,0,0,2,0,2,0,0,0,1,0,1,2,0,2,5,1,4,9,0,9,3,0,3,3,0,3,28
SALITRAN II,2010,0,0,0,0,0,0,0,0,0,0,0,0,0,0,0,0,0,0,0,0,0,1,0,1,5,0,5,0,0,0,1,0,1,1,0,1,8
SALITRAN II,2011,1,0,1,2,0,2,1,0,1,1,0,1,0,0,0,0,0,0,2,0,2,9,0,9,5,0,5,2,0,2,1,0,1,0,0,0,24
SALITRAN II,2012,1,0,1,0,0,0,0,0,0,0,0,0,0,0,0,4,0,4,2,0,2,7,0,7,5,0,5,4,0,4,0,0,0,5,0,5,28
SALITRAN II,2013,1,0,1,0,0,0,0,0,0,0,0,0,0,0,0,0,0,0,3,0,3,3,0,3,1,0,1,7,0,7,5,0,5,0,0,0,20
SALITRAN II,2014,1,0,1,0,0,0,0,0,0,0,0,0,0,0,0,4,0,4,2,0,2,7,0,7,5,0,5,4,0,4,0,0,0,5,0,5,28
SALITRAN II,2015,5,2,3,2,0,2,2,1,1,1,0,1,0,0,0,1,0,1,5,2,3,10,6,4,15,12,3,22,7,15,7,3,4,7,3,4,77
SALITRAN II,2016,1,0,1,2,0,2,0,0,0,0,0,0,0,0,0,2,0,2,0,0,0,0,0,0,2,0,2,0,0,0,0,0,0,0,0,0,7
SALITRAN II,2017,2,0,2,0,0,0,1,0,1,0,0,0,0,0,0,0,0,0,1,0,1,1,0,1,0,0,0,2,0,2,2,0,2,3,0,3,12
SALITRAN II,2018,1,0,1,0,0,0,0,0,0,2,0,2,1,0,1,1,0,1,10,0,10,6,0,6,4,0,4,3,0,3,2,0,2,11,0,11,41
SALITRAN II,2019,11,0,11,7,0,7,4,0,4,2,0,2,1,0,1,7,0,7,27,0,27,48,0,48,22,0,22,12,0,12,10,0,10,13,0,13,164
SALITRAN II,2020,7,0,7,1,0,1,0,0,0,0,0,0,0,0,0,0,0,0,0,0,0,0,0,0,0,0,0,0,0,0,1,0,1,2,0,2,11
SALITRAN II,2021,3,0,3,0,0,0,0,0,0,0,0,0,1,0,1,0,0,0,1,1,0,0,0,0,1,1,0,0,0,0,0,0,0,2,1,1,8
SALITRAN II,2022,0,0,0,0,0,0,0,0,0,0,0,0,0,0,0,1,0,1,7,0,7,6,0,6,3,0,3,3,0,3,3,0,3,0,0,0,23
SALITRAN II,2023,0,0,0,3,0,3,0,0,0,0,0,0,0,0,0,0,0,0,0,0,0,2,0,2,0,0,0,2,0,2,0,0,0,1,0,1,8
SALITRAN II,2024,0,0,0,1,0,1,2,0,2,0,0,0,1,0,1,2,0,2,5,0,5,8,0,8,19,1,18,17,0,17,12,1,11,8,0,8,75
SALITRAN III,2010,1,0,1,0,0,0,0,0,0,0,0,0,0,0,0,0,0,0,2,0,2,6,0,6,6,0,6,3,0,3,1,0,1,0,0,0,19
SALITRAN III,2011,1,0,1,2,0,2,0,0,0,0,0,0,0,0,0,0,0,0,1,0,1,5,0,5,1,0,1,0,0,0,2,0,2,4,0,4,16
SALITRAN III,2012,0,0,0,1,0,1,1,0,1,0,0,0,0,0,0,2,0,2,1,0,1,4,0,4,4,0,4,6,0,6,1,0,1,3,0,3,23
SALITRAN III,2013,0,0,0,0,0,0,1,0,1,0,0,0,0,0,0,0,0,0,3,0,3,2,0,2,13,0,13,6,0,6,8,0,8,5,0,5,38
SALITRAN III,2014,0,0,0,1,0,1,1,0,1,0,0,0,0,0,0,2,0,2,1,0,1,4,0,4,4,0,4,6,0,6,1,0,1,3,0,3,23
SALITRAN III,2015,2,1,1,9,3,6,3,2,1,1,1,0,1,0,1,1,0,1,2,1,1,20,9,11,20,13,7,23,10,13,10,6,4,2,1,1,94
SALITRAN III,2016,0,0,0,2,0,2,0,0,0,0,0,0,0,0,0,0,0,0,0,0,0,1,0,1,1,0,1,3,0,3,1,0,1,4,0,4,12
SALITRAN III,2017,2,0,2,0,0,0,2,0,2,0,0,0,0,0,0,2,0,2,0,0,0,2,0,2,2,0,2,1,0,1,2,0,2,3,0,3,16
SALITRAN III,2018,1,0,1,0,0,0,0,0,0,0,0,0,1,0,1,1,0,1,2,0,2,5,0,5,1,0,1,4,0,4,2,0,2,7,0,7,24
SALITRAN III,2019,2,0,2,3,0,3,1,0,1,1,0,1,0,0,0,0,0,0,8,0,8,14,0,14,20,0,20,12,1,11,10,0,10,8,0,8,79
SALITRAN III,2020,4,0,4,0,0,0,0,0,0,0,0,0,0,0,0,0,0,0,0,0,0,0,0,0,0,0,0,1,0,1,0,0,0,0,0,0,5
SALITRAN III,2021,1,0,1,2,1,1,0,0,0,0,0,0,0,0,0,0,0,0,0,0,0,1,0,1,0,0,0,3,1,2,1,0,1,0,0,0,8
SALITRAN III,2022,0,0,0,1,0,1,0,0,0,1,0,1,1,0,1,0,0,0,2,0,2,2,0,2,0,0,0,5,0,5,2,0,2,1,0,1,15
SALITRAN III,2023,2,0,2,1,0,1,0,0,0,1,0,1,1,0,1,0,0,0,3,0,3,3,0,3,1,0,1,3,0,3,7,0,7,1,0,1,23
SALITRAN III,2024,2,0,2,1,0,1,1,0,1,0,0,0,0,0,0,1,0,1,0,0,0,2,0,2,2,0,2,13,1,12,17,0,17,14,0,14,53
SALITRAN IV,2010,0,0,0,0,0,0,0,0,0,0,0,0,0,0,0,0,0,0,0,0,0,2,0,2,1,0,1,0,0,0,0,0,0,0,0,0,3
SALITRAN IV,2011,0,0,0,0,0,0,0,0,0,0,0,0,0,0,0,0,0,0,1,0,1,3,0,3,2,0,2,0,0,0,2,0,2,0,0,0,8
SALITRAN IV,2012,0,0,0,2,0,2,0,0,0,2,0,2,2,1,1,2,0,2,4,0,4,6,0,6,7,0,7,6,0,6,3,0,3,1,0,1,35
SALITRAN IV,2013,1,0,1,0,0,0,0,0,0,0,0,0,2,0,2,0,0,0,2,0,2,0,0,0,1,0,1,2,0,2,0,0,0,2,0,2,10
SALITRAN IV,2014,0,0,0,2,0,2,0,0,0,2,0,2,2,1,1,2,0,2,4,0,4,6,0,6,7,0,7,6,0,6,3,0,3,1,0,1,35
SALITRAN IV,2015,1,1,0,2,1,1,0,0,0,1,1,0,0,0,0,2,1,1,1,0,1,7,3,4,16,11,5,22,8,14,10,7,3,3,0,3,65
SALITRAN IV,2016,1,0,1,0,0,0,0,0,0,0,0,0,0,0,0,0,0,0,1,0,1,0,0,0,0,0,0,0,0,0,1,0,1,0,0,0,3
SALITRAN IV,2017,0,0,0,0,0,0,4,0,4,0,0,0,0,0,0,0,0,0,1,0,1,1,0,1,0,0,0,0,0,0,1,0,1,3,0,3,10
SALITRAN IV,2018,3,0,3,0,0,0,0,0,0,0,0,0,0,0,0,0,0,0,0,0,0,1,0,1,2,0,2,0,0,0,1,0,1,4,0,4,11
SALITRAN IV,2019,4,0,4,2,0,2,2,0,2,1,0,1,0,0,0,2,0,2,12,0,12,5,0,5,22,0,22,6,0,6,1,0,1,2,0,2,59
SALITRAN IV,2020,0,0,0,1,0,1,0,0,0,0,0,0,0,0,0,0,0,0,0,0,0,0,0,0,0,0,0,0,0,0,2,0,2,1,0,1,4
SALITRAN IV,2021,3,0,3,1,0,1,0,0,0,0,0,0,0,0,0,0,0,0,1,0,1,0,0,0,1,1,0,0,0,0,3,2,1,0,0,0,9
SALITRAN IV,2022,0,0,0,1,0,1,0,0,0,0,0,0,0,0,0,0,0,0,1,0,1,0,0,0,2,0,2,0,0,0,1,1,0,2,0,2,7
SALITRAN IV,2023,0,0,0,1,0,1,0,0,0,0,0,0,0,0,0,3,0,3,0,0,0,0,0,0,1,0,1,0,0,0,1,0,1,2,0,2,8
SALITRAN IV,2024,0,0,0,0,0,0,1,0,1,1,0,1,2,0,2,0,0,0,4,0,4,5,0,5,6,0,6,4,0,4,17,0,17,12,0,12,52
SAMPALOC I,2010,0,0,0,0,0,0,0,0,0,0,0,0,0,0,0,0,0,0,0,0,0,3,0,3,5,0,5,1,0,1,0,0,0,0,0,0,9
SAMPALOC I,2011,0,0,0,3,0,3,0,0,0,0,0,0,1,0,1,0,0,0,1,0,1,2,0,2,0,0,0,3,0,3,3,0,3,0,0,0,13
SAMPALOC I,2012,0,0,0,1,0,1,1,0,1,0,0,0,0,0,0,1,0,1,1,0,1,2,0,2,0,0,0,1,0,1,0,0,0,1,0,1,8
SAMPALOC I,2013,0,0,0,0,0,0,0,0,0,0,0,0,0,0,0,1,0,1,5,0,5,2,0,2,3,0,3,4,0,4,2,0,2,1,0,1,18
SAMPALOC I,2014,0,0,0,1,0,1,1,0,1,0,0,0,0,0,0,1,0,1,1,0,1,2,0,2,0,0,0,1,0,1,0,0,0,1,0,1,8
SAMPALOC I,2015,3,2,1,2,2,0,0,0,0,1,1,0,0,0,0,0,0,0,3,1,2,6,3,3,9,5,4,13,7,6,6,5,1,2,1,1,45
SAMPALOC I,2016,0,0,0,1,0,1,0,0,0,0,0,0,0,0,0,2,0,2,1,0,1,1,0,1,2,0,2,5,0,5,3,0,3,1,0,1,16
SAMPALOC I,2017,3,0,3,0,0,0,0,0,0,0,0,0,1,0,1,1,0,1,2,0,2,1,0,1,2,0,2,1,0,1,1,0,1,0,0,0,12
SAMPALOC I,2018,0,0,0,1,0,1,0,0,0,2,0,2,0,0,0,1,0,1,1,0,1,0,0,0,1,0,1,5,0,5,1,0,1,5,0,5,17
SAMPALOC I,2019,1,0,1,0,0,0,2,0,2,1,0,1,0,0,0,3,0,3,10,1,9,18,0,18,19,0,19,5,0,5,6,0,6,3,0,3,68
SAMPALOC I,2020,0,0,0,1,0,1,0,0,0,0,0,0,0,0,0,0,0,0,0,0,0,0,0,0,0,0,0,1,0,1,0,0,0,0,0,0,2
SAMPALOC I,2021,1,0,1,0,0,0,1,0,1,0,0,0,0,0,0,0,0,0,4,4,0,0,0,0,0,0,0,0,0,0,0,0,0,0,0,0,6
SAMPALOC I,2022,0,0,0,0,0,0,0,0,0,0,0,0,0,0,0,0,0,0,0,0,0,0,0,0,1,0,1,0,0,0,0,0,0,0,0,0,1
SAMPALOC I,2023,2,0,2,0,0,0,0,0,0,0,0,0,0,0,0,1,0,1,0,0,0,3,0,3,0,0,0,2,0,2,0,0,0,0,0,0,8
SAMPALOC I,2024,1,0,1,0,0,0,0,0,0,0,0,0,0,0,0,1,0,1,1,0,1,0,0,0,1,0,1,0,0,0,1,0,1,1,0,1,6
SAMPALOC II,2010,0,0,0,0,0,0,0,0,0,0,0,0,0,0,0,0,0,0,1,0,1,2,0,2,5,0,5,4,0,4,2,0,2,0,0,0,14
SAMPALOC II,2011,0,0,0,0,0,0,0,0,0,0,0,0,0,0,0,0,0,0,0,0,0,3,0,3,0,0,0,1,0,1,0,0,0,1,0,1,5
SAMPALOC II,2012,0,0,0,2,0,2,0,0,0,0,0,0,0,0,0,2,0,2,3,0,3,2,0,2,2,0,2,3,0,3,0,0,0,1,0,1,15
SAMPALOC II,2013,0,0,0,0,0,0,1,0,1,0,0,0,0,0,0,1,0,1,3,0,3,3,0,3,0,0,0,0,0,0,1,0,1,0,0,0,9
SAMPALOC II,2014,0,0,0,2,0,2,0,0,0,0,0,0,0,0,0,2,0,2,3,0,3,2,0,2,2,0,2,3,0,3,0,0,0,1,0,1,15
SAMPALOC II,2015,3,2,1,2,1,1,1,0,1,0,0,0,0,0,0,0,0,0,2,2,0,20,13,7,15,7,8,24,15,9,12,6,6,2,0,2,81
SAMPALOC II,2016,6,0,6,4,0,4,0,0,0,0,0,0,0,0,0,1,0,1,9,0,9,2,0,2,2,0,2,1,0,1,0,0,0,3,0,3,28
SAMPALOC II,2017,0,0,0,1,0,1,0,0,0,0,0,0,0,0,0,0,0,0,0,0,0,1,0,1,1,0,1,3,0,3,3,0,3,2,0,2,11
SAMPALOC II,2018,3,0,3,1,0,1,1,0,1,1,0,1,0,0,0,1,0,1,0,0,0,0,0,0,5,0,5,4,0,4,7,0,7,4,0,4,27
SAMPALOC II,2019,3,0,3,3,0,3,1,0,1,0,0,0,1,0,1,16,0,16,30,1,29,36,0,36,16,0,16,6,0,6,1,0,1,3,0,3,116
SAMPALOC II,2020,3,0,3,1,0,1,1,0,1,0,0,0,0,0,0,0,0,0,0,0,0,1,0,1,0,0,0,0,0,0,0,0,0,0,0,0,6
SAMPALOC II,2021,0,0,0,0,0,0,0,0,0,0,0,0,0,0,0,2,1,1,0,0,0,0,0,0,0,0,0,0,0,0,0,0,0,0,0,0,2
SAMPALOC II,2022,0,0,0,0,0,0,0,0,0,0,0,0,0,0,0,0,0,0,0,0,0,3,0,3,0,0,0,1,0,1,0,0,0,1,0,1,5
SAMPALOC II,2023,1,0,1,0,0,0,0,0,0,0,0,0,0,0,0,1,0,1,0,0,0,0,0,0,2,0,2,0,0,0,0,0,0,0,0,0,4
SAMPALOC II,2024,0,0,0,1,0,1,0,0,0,1,0,1,1,0,1,0,0,0,1,0,1,1,0,1,0,0,0,2,0,2,6,0,6,7,0,7,20
SAMPALOC III,2010,0,0,0,0,0,0,0,0,0,0,0,0,0,0,0,0,0,0,0,0,0,1,0,1,1,0,1,4,0,4,3,0,3,2,0,2,11
SAMPALOC III,2011,0,0,0,0,0,0,0,0,0,0,0,0,0,0,0,0,0,0,0,0,0,0,0,0,1,0,1,2,0,2,1,0,1,0,0,0,4
SAMPALOC III,2012,0,0,0,1,0,1,1,0,1,0,0,0,0,0,0,0,0,0,0,0,0,2,0,2,3,0,3,0,0,0,0,0,0,1,0,1,8
SAMPALOC III,2013,0,0,0,1,1,0,0,0,0,0,0,0,0,0,0,0,0,0,2,0,2,2,0,2,2,0,2,2,0,2,0,0,0,0,0,0,9
SAMPALOC III,2014,0,0,0,1,0,1,1,0,1,0,0,0,0,0,0,0,0,0,0,0,0,2,0,2,3,0,3,0,0,0,0,0,0,1,0,1,8
SAMPALOC III,2015,2,0,2,2,1,1,1,0,1,0,0,0,1,0,1,2,1,1,4,0,4,5,3,2,9,4,5,7,4,3,2,2,0,0,0,0,35
SAMPALOC III,2016,0,0,0,0,0,0,3,0,3,1,0,1,1,0,1,0,0,0,1,0,1,1,0,1,1,0,1,0,0,0,0,0,0,0,0,0,8
SAMPALOC III,2017,1,0,1,0,0,0,0,0,0,0,0,0,0,0,0,1,0,1,0,0,0,2,0,2,1,0,1,1,0,1,0,0,0,0,0,0,6
SAMPALOC III,2018,1,0,1,0,0,0,1,0,1,0,0,0,0,0,0,0,0,0,0,0,0,6,0,6,3,0,3,7,0,7,9,0,9,1,0,1,28
SAMPALOC III,2019,2,0,2,1,0,1,0,0,0,7,1,6,2,0,2,7,0,7,120,3,117,47,1,46,21,0,21,9,0,9,7,0,7,1,0,1,224
SAMPALOC III,2020,0,0,0,0,0,0,2,0,2,0,0,0,0,0,0,1,0,1,1,0,1,0,0,0,0,0,0,0,0,0,0,0,0,0,0,0,4
SAMPALOC III,2021,2,1,1,0,0,0,0,0,0,0,0,0,0,0,0,0,0,0,2,1,1,0,0,0,0,0,0,0,0,0,0,0,0,0,0,0,4
SAMPALOC III,2022,0,0,0,0,0,0,0,0,0,0,0,0,0,0,0,0,0,0,1,0,1,0,0,0,1,0,1,0,0,0,0,0,0,3,0,3,5
SAMPALOC III,2023,1,0,1,0,0,0,0,0,0,1,1,0,0,0,0,2,0,2,1,0,1,2,0,2,0,0,0,0,0,0,0,0,0,0,0,0,7
SAMPALOC III,2024,0,0,0,1,0,1,0,0,0,0,0,0,1,0,1,1,0,1,0,0,0,1,0,1,1,0,1,5,0,5,3,0,3,2,0,2,15
SAMPALOC IV,2010,0,0,0,0,0,0,0,0,0,0,0,0,0,0,0,0,0,0,0,0,0,6,0,6,6,0,6,7,0,7,5,0,5,1,0,1,25
SAMPALOC IV,2011,4,0,4,2,0,2,3,0,3,0,0,0,0,0,0,1,0,1,4,0,4,5,0,5,8,0,8,5,0,5,4,0,4,1,0,1,37
SAMPALOC IV,2012,3,0,3,1,0,1,1,0,1,0,0,0,0,0,0,0,0,0,0,0,0,1,0,1,6,0,6,2,0,2,4,0,4,1,0,1,19
SAMPALOC IV,2013,0,0,0,0,0,0,0,0,0,0,0,0,1,0,1,0,0,0,0,0,0,1,0,1,10,0,10,5,0,5,2,0,2,1,0,1,20
SAMPALOC IV,2014,3,0,3,1,0,1,1,0,1,0,0,0,0,0,0,0,0,0,0,0,0,1,0,1,6,0,6,2,0,2,4,0,4,1,0,1,19
SAMPALOC IV,2015,3,2,1,2,1,1,2,0,2,3,3,0,0,0,0,3,2,1,6,2,4,18,11,7,30,12,18,22,13,9,7,4,3,2,2,0,98
SAMPALOC IV,2016,2,0,2,2,0,2,0,0,0,0,0,0,0,0,0,0,0,0,1,0,1,1,0,1,0,0,0,2,0,2,4,0,4,1,0,1,13
SAMPALOC IV,2017,1,0,1,1,0,1,0,0,0,1,0,1,0,0,0,0,0,0,4,0,4,2,0,2,2,0,2,2,0,2,5,0,5,4,0,4,22
SAMPALOC IV,2018,3,0,3,5,0,5,2,0,2,1,0,1,0,0,0,1,0,1,1,0,1,1,0,1,6,0,6,11,0,11,17,0,17,11,0,11,59
SAMPALOC IV,2019,7,0,7,6,0,6,6,0,6,1,0,1,3,0,3,8,0,8,48,0,48,93,0,93,69,0,69,27,0,27,20,0,20,2,0,2,290
SAMPALOC IV,2020,7,0,7,2,0,2,0,0,0,0,0,0,0,0,0,0,0,0,0,0,0,0,0,0,0,0,0,0,0,0,0,0,0,1,0,1,10
SAMPALOC IV,2021,8,3,5,4,2,2,0,0,0,0,0,0,0,0,0,0,0,0,0,0,0,1,0,1,1,0,1,3,1,2,0,0,0,2,0,2,19
SAMPALOC IV,2022,0,0,0,0,0,0,2,0,2,1,0,1,1,0,1,2,0,2,2,0,2,3,0,3,0,0,0,6,0,6,4,0,4,0,0,0,21
SAMPALOC IV,2023,0,0,0,1,0,1,1,0,1,0,0,0,0,0,0,1,0,1,1,0,1,3,0,3,0,0,0,2,0,2,4,0,4,4,0,4,17
SAMPALOC IV,2024,2,0,2,0,0,0,1,0,1,3,0,3,0,0,0,3,0,3,3,0,3,5,0,5,7,0,7,21,0,21,26,0,26,23,0,23,94
SAMPALOC V,2010,0,0,0,0,0,0,0,0,0,0,0,0,0,0,0,0,0,0,14,1,13,3,0,3,0,0,0,0,0,0,0,0,0,0,0,0,17
SAMPALOC V,2011,0,0,0,0,0,0,0,0,0,0,0,0,0,0,0,0,0,0,0,0,0,0,0,0,0,0,0,1,0,1,0,0,0,0,0,0,1
SAMPALOC V,2012,0,0,0,0,0,0,0,0,0,0,0,0,0,0,0,2,0,2,0,0,0,0,0,0,1,0,1,0,0,0,0,0,0,0,0,0,3
SAMPALOC V,2013,0,0,0,0,0,0,0,0,0,0,0,0,0,0,0,0,0,0,1,0,1,0,0,0,0,0,0,0,0,0,0,0,0,0,0,0,1
SAMPALOC V,2014,0,0,0,0,0,0,0,0,0,0,0,0,0,0,0,2,0,2,0,0,0,0,0,0,1,0,1,0,0,0,0,0,0,0,0,0,3
SAMPALOC V,2015,0,0,0,0,0,0,0,0,0,1,0,1,0,0,0,0,0,0,0,0,0,0,0,0,3,2,1,2,0,2,1,1,0,1,0,1,8
SAMPALOC V,2017,0,0,0,0,0,0,0,0,0,0,0,0,0,0,0,0,0,0,0,0,0,0,0,0,0,0,0,0,0,0,1,0,1,0,0,0,1
SAMPALOC V,2018,0,0,0,0,0,0,0,0,0,0,0,0,0,0,0,0,0,0,0,0,0,1,0,1,0,0,0,0,0,0,0,0,0,1,0,1,2
SAMPALOC V,2019,1,0,1,1,0,1,0,0,0,0,0,0,0,0,0,0,0,0,5,0,5,3,0,3,1,0,1,2,0,2,0,0,0,0,0,0,13
SAMPALOC V,2023,0,0,0,0,0,0,0,0,0,0,0,0,0,0,0,0,0,0,0,0,0,1,0,1,0,0,0,0,0,0,0,0,0,0,0,0,1
SAMPALOC V,2024,0,0,0,0,0,0,1,0,1,0,0,0,0,0,0,0,0,0,0,0,0,0,0,0,0,0,0,0,0,0,0,0,0,3,0,3,4
SAN AGUSTIN I,2010,1,0,1,0,0,0,0,0,0,0,0,0,0,0,0,0,0,0,0,0,0,8,0,8,2,0,2,2,0,2,2,0,2,5,0,5,20
SAN AGUSTIN I,2011,2,0,2,4,0,4,2,0,2,0,0,0,0,0,0,1,0,1,0,0,0,11,0,11,1,0,1,1,0,1,0,0,0,0,0,0,22
SAN AGUSTIN I,2012,0,0,0,1,0,1,1,0,1,0,0,0,0,0,0,1,0,1,2,0,2,3,0,3,1,0,1,1,0,1,0,0,0,1,0,1,11
SAN AGUSTIN I,2013,1,0,1,0,0,0,0,0,0,1,0,1,0,0,0,2,0,2,3,0,3,8,0,8,13,0,13,3,0,3,4,0,4,1,0,1,36
SAN AGUSTIN I,2014,0,0,0,1,0,1,1,0,1,0,0,0,0,0,0,1,0,1,2,0,2,3,0,3,1,0,1,1,0,1,0,0,0,1,0,1,11
SAN AGUSTIN I,2015,1,0,1,1,0,1,1,1,0,0,0,0,0,0,0,0,0,0,1,1,0,11,4,7,8,4,4,11,4,7,3,1,2,0,0,0,37
SAN AGUSTIN I,2016,0,0,0,0,0,0,0,0,0,0,0,0,0,0,0,0,0,0,3,0,3,1,0,1,0,0,0,2,0,2,0,0,0,4,0,4,10
SAN AGUSTIN I,2017,0,0,0,0,0,0,0,0,0,0,0,0,0,0,0,1,0,1,1,0,1,1,0,1,1,0,1,3,0,3,1,0,1,0,0,0,8
SAN AGUSTIN I,2018,2,0,2,1,0,1,0,0,0,0,0,0,0,0,0,2,0,2,0,0,0,0,0,0,0,0,0,4,0,4,3,0,3,8,0,8,20
SAN AGUSTIN I,2019,4,0,4,4,0,4,1,0,1,0,0,0,1,0,1,0,0,0,13,0,13,24,0,24,10,0,10,9,0,9,3,0,3,3,0,3,72
SAN AGUSTIN I,2020,2,0,2,3,0,3,0,0,0,0,0,0,0,0,0,0,0,0,1,0,1,0,0,0,0,0,0,0,0,0,0,0,0,1,0,1,7
SAN AGUSTIN I,2021,0,0,0,0,0,0,0,0,0,0,0,0,0,0,0,0,0,0,2,2,0,1,0,1,0,0,0,0,0,0,1,1,0,1,0,1,5
SAN AGUSTIN I,2022,0,0,0,0,0,0,1,0,1,1,0,1,0,0,0,0,0,0,0,0,0,0,0,0,0,0,0,2,0,2,0,0,0,0,0,0,4
SAN AGUSTIN I,2023,1,0,1,0,0,0,0,0,0,0,0,0,1,0,1,0,0,0,0,0,0,0,0,0,0,0,0,1,0,1,0,0,0,0,0,0,3
SAN AGUSTIN I,2024,0,0,0,0,0,0,0,0,0,0,0,0,0,0,0,1,0,1,0,0,0,3,0,3,4,0,4,4,0,4,6,0,6,0,0,0,18
SAN AGUSTIN II,2010,0,0,0,0,0,0,0,0,0,0,0,0,0,0,0,0,0,0,5,0,5,20,0,20,17,0,17,11,0,11,3,0,3,2,0,2,58
SAN AGUSTIN II,2011,0,0,0,2,0,2,2,1,1,0,0,0,0,0,0,0,0,0,2,0,2,4,0,4,1,0,1,1,0,1,2,0,2,0,0,0,14
SAN AGUSTIN II,2012,2,0,2,0,0,0,0,0,0,0,0,0,0,0,0,0,0,0,3,0,3,5,0,5,11,0,11,3,0,3,0,0,0,7,0,7,31
SAN AGUSTIN II,2013,0,0,0,0,0,0,0,0,0,0,0,0,1,0,1,0,0,0,1,0,1,2,0,2,1,0,1,0,0,0,1,0,1,1,0,1,7
SAN AGUSTIN II,2014,2,0,2,0,0,0,0,0,0,0,0,0,0,0,0,0,0,0,3,0,3,5,0,5,11,0,11,3,0,3,0,0,0,7,0,7,31
SAN AGUSTIN II,2015,0,0,0,0,0,0,0,0,0,1,0,1,0,0,0,1,0,1,4,3,1,10,8,2,12,6,6,19,11,8,8,3,5,3,1,2,58
SAN AGUSTIN II,2016,2,0,2,1,0,1,0,0,0,0,0,0,1,0,1,0,0,0,1,0,1,0,0,0,0,0,0,1,0,1,2,0,2,2,0,2,10
SAN AGUSTIN II,2017,1,0,1,1,0,1,0,0,0,0,0,0,0,0,0,0,0,0,2,0,2,4,0,4,6,0,6,5,0,5,2,0,2,1,0,1,22
SAN AGUSTIN II,2018,5,0,5,2,0,2,2,0,2,0,0,0,0,0,0,1,0,1,2,0,2,0,0,0,1,0,1,4,0,4,5,0,5,6,0,6,28
SAN AGUSTIN II,2019,3,0,3,2,0,2,1,0,1,1,0,1,2,0,2,6,0,6,27,0,27,17,0,17,14,0,14,6,0,6,5,0,5,0,0,0,84
SAN AGUSTIN II,2020,1,0,1,0,0,0,1,0,1,0,0,0,0,0,0,0,0,0,0,0,0,0,0,0,0,0,0,0,0,0,0,0,0,0,0,0,2
SAN AGUSTIN II,2021,2,1,1,3,1,2,0,0,0,0,0,0,0,0,0,0,0,0,1,1,0,2,2,0,0,0,0,1,1,0,5,3,2,0,0,0,14
SAN AGUSTIN II,2022,0,0,0,0,0,0,0,0,0,0,0,0,0,0,0,1,0,1,0,0,0,0,0,0,0,0,0,1,0,1,0,0,0,0,0,0,2
SAN AGUSTIN II,2023,2,0,2,1,0,1,1,0,1,0,0,0,1,0,1,0,0,0,0,0,0,2,0,2,0,0,0,1,0,1,2,0,2,1,0,1,11
SAN AGUSTIN II,2024,2,0,2,0,0,0,0,0,0,0,0,0,0,0,0,1,0,1,1,0,1,1,0,1,2,0,2,6,0,6,4,0,4,4,0,4,21
SAN AGUSTIN III,2010,0,0,0,0,0,0,0,0,0,0,0,0,0,0,0,0,0,0,0,0,0,0,0,0,8,0,8,6,0,6,4,0,4,9,0,9,27
SAN AGUSTIN III,2011,6,0,6,3,0,3,2,0,2,1,0,1,0,0,0,0,0,0,0,0,0,1,0,1,4,0,4,3,0,3,0,0,0,0,0,0,20
SAN AGUSTIN III,2012,2,0,2,4,1,3,0,0,0,0,0,0,2,0,2,1,0,1,4,0,4,7,0,7,9,0,9,3,0,3,0,0,0,0,0,0,32
SAN AGUSTIN III,2013,1,0,1,0,0,0,0,0,0,0,0,0,0,0,0,0,0,0,3,0,3,2,0,2,3,0,3,3,0,3,3,0,3,0,0,0,15
SAN AGUSTIN III,2014,2,0,2,4,1,3,0,0,0,0,0,0,2,0,2,1,0,1,4,0,4,7,0,7,9,0,9,3,0,3,0,0,0,0,0,0,32
SAN AGUSTIN III,2015,2,1,1,0,0,0,1,1,0,0,0,0,0,0,0,0,0,0,1,1,0,3,3,0,8,6,2,12,5,7,4,1,3,0,0,0,31
SAN AGUSTIN III,2016,1,0,1,2,0,2,0,0,0,1,0,1,0,0,0,0,0,0,1,0,1,1,0,1,2,0,2,4,0,4,0,0,0,1,0,1,13
SAN AGUSTIN III,2017,0,0,0,0,0,0,0,0,0,0,0,0,0,0,0,0,0,0,0,0,0,4,0,4,1,0,1,3,0,3,3,0,3,7,0,7,18
SAN AGUSTIN III,2018,2,0,2,0,0,0,0,0,0,0,0,0,0,0,0,0,0,0,1,0,1,1,0,1,1,0,1,0,0,0,2,0,2,3,0,3,10
SAN AGUSTIN III,2019,10,0,10,1,0,1,2,0,2,0,0,0,0,0,0,3,0,3,14,0,14,18,0,18,15,0,15,11,0,11,3,0,3,5,0,5,82
SAN AGUSTIN III,2020,2,0,2,0,0,0,0,0,0,0,0,0,0,0,0,0,0,0,0,0,0,1,0,1,0,0,0,0,0,0,0,0,0,0,0,0,3
SAN AGUSTIN III,2021,0,0,0,0,0,0,0,0,0,0,0,0,0,0,0,0,0,0,1,1,0,0,0,0,0,0,0,1,1,0,1,1,0,1,0,1,4
SAN AGUSTIN III,2022,0,0,0,1,0,1,0,0,0,1,0,1,0,0,0,0,0,0,1,0,1,1,0,1,1,0,1,1,0,1,0,0,0,0,0,0,6
SAN AGUSTIN III,2023,2,0,2,0,0,0,0,0,0,0,0,0,1,0,1,0,0,0,1,0,1,0,0,0,0,0,0,0,0,0,0,0,0,1,0,1,5
SAN AGUSTIN III,2024,0,0,0,0,0,0,0,0,0,0,0,0,2,0,2,0,0,0,3,0,3,1,0,1,6,0,6,12,1,11,9,0,9,9,0,9,42
SAN ANDRES I,2010,0,0,0,0,0,0,0,0,0,0,0,0,0,0,0,0,0,0,0,0,0,0,0,0,1,0,1,0,0,0,0,0,0,1,0,1,2
SAN ANDRES I,2011,2,0,2,0,0,0,0,0,0,0,0,0,0,0,0,0,0,0,0,0,0,3,0,3,0,0,0,0,0,0,1,0,1,0,0,0,6
SAN ANDRES I,2012,0,0,0,0,0,0,0,0,0,0,0,0,0,0,0,0,0,0,0,0,0,0,0,0,0,0,0,1,0,1,0,0,0,1,0,1,2
SAN ANDRES I,2013,1,0,1,0,0,0,0,0,0,0,0,0,0,0,0,0,0,0,0,0,0,0,0,0,0,0,0,0,0,0,2,0,2,0,0,0,3
SAN ANDRES I,2014,0,0,0,0,0,0,0,0,0,0,0,0,0,0,0,0,0,0,0,0,0,0,0,0,0,0,0,1,0,1,0,0,0,1,0,1,2
SAN ANDRES I,2015,0,0,0,0,0,0,2,1,1,0,0,0,0,0,0,0,0,0,0,0,0,2,1,1,2,1,1,3,3,0,2,1,1,0,0,0,11
SAN ANDRES I,2016,0,0,0,0,0,0,0,0,0,0,0,0,0,0,0,0,0,0,0,0,0,0,0,0,1,0,1,0,0,0,0,0,0,0,0,0,1
SAN ANDRES I,2017,0,0,0,0,0,0,0,0,0,0,0,0,0,0,0,0,0,0,1,0,1,0,0,0,0,0,0,2,0,2,0,0,0,1,0,1,4
SAN ANDRES I,2018,2,0,2,0,0,0,0,0,0,0,0,0,0,0,0,0,0,0,0,0,0,0,0,0,1,0,1,2,0,2,4,0,4,1,0,1,10
SAN ANDRES I,2019,1,0,1,1,0,1,0,0,0,0,0,0,0,0,0,0,0,0,0,0,0,6,0,6,4,0,4,1,0,1,9,0,9,6,0,6,28
SAN ANDRES I,2020,3,0,3,2,0,2,0,0,0,0,0,0,0,0,0,0,0,0,0,0,0,0,0,0,0,0,0,0,0,0,0,0,0,0,0,0,5
SAN ANDRES I,2021,2,2,0,1,1,0,0,0,0,0,0,0,0,0,0,0,0,0,0,0,0,0,0,0,0,0,0,0,0,0,0,0,0,0,0,0,3
SAN ANDRES I,2022,0,0,0,0,0,0,0,0,0,0,0,0,0,0,0,0,0,0,0,0,0,0,0,0,0,0,0,0,0,0,0,0,0,1,0,1,1
SAN ANDRES I,2023,0,0,0,0,0,0,0,0,0,0,0,0,0,0,0,0,0,0,1,0,1,0,0,0,0,0,0,1,0,1,0,0,0,0,0,0,2
SAN ANDRES I,2024,0,0,0,0,0,0,0,0,0,0,0,0,0,0,0,0,0,0,0,0,0,0,0,0,0,0,0,2,0,2,2,0,2,2,0,2,6
SAN ANDRES II,2011,1,0,1,0,0,0,0,0,0,0,0,0,0,0,0,0,0,0,0,0,0,0,0,0,0,0,0,0,0,0,0,0,0,0,0,0,1
SAN ANDRES II,2012,0,0,0,0,0,0,0,0,0,0,0,0,0,0,0,0,0,0,0,0,0,0,0,0,0,0,0,1,0,1,0,0,0,0,0,0,1
SAN ANDRES II,2014,0,0,0,0,0,0,0,0,0,0,0,0,0,0,0,0,0,0,0,0,0,0,0,0,0,0,0,1,0,1,0,0,0,0,0,0,1
SAN ANDRES II,2015,0,0,0,0,0,0,1,0,1,0,0,0,0,0,0,0,0,0,1,1,0,0,0,0,3,1,2,2,0,2,5,3,2,0,0,0,12
SAN ANDRES II,2016,0,0,0,0,0,0,0,0,0,0,0,0,0,0,0,0,0,0,0,0,0,0,0,0,0,0,0,1,0,1,1,0,1,0,0,0,2
SAN ANDRES II,2017,0,0,0,0,0,0,0,0,0,0,0,0,0,0,0,0,0,0,0,0,0,0,0,0,0,0,0,0,0,0,1,0,1,0,0,0,1
SAN ANDRES II,2018,0,0,0,0,0,0,0,0,0,0,0,0,0,0,0,0,0,0,0,0,0,0,0,0,0,0,0,0,0,0,1,0,1,1,0,1,2
SAN ANDRES II,2019,1,0,1,0,0,0,0,0,0,0,0,0,0,0,0,0,0,0,3,0,3,2,0,2,11,0,11,4,0,4,5,0,5,4,0,4,30
SAN ANDRES II,2020,0,0,0,3,1,2,0,0,0,0,0,0,0,0,0,0,0,0,0,0,0,0,0,0,0,0,0,0,0,0,0,0,0,0,0,0,3
SAN ANDRES II,2021,1,0,1,0,0,0,0,0,0,0,0,0,0,0,0,0,0,0,0,0,0,0,0,0,1,1,0,0,0,0,0,0,0,2,1,1,4
SAN ANDRES II,2022,0,0,0,0,0,0,0,0,0,0,0,0,0,0,0,0,0,0,0,0,0,0,0,0,0,0,0,1,0,1,0,0,0,2,0,2,3
SAN ANDRES II,2023,0,0,0,0,0,0,0,0,0,0,0,0,1,0,1,0,0,0,1,0,1,0,0,0,0,0,0,0,0,0,0,0,0,0,0,0,2
SAN ANDRES II,2024,0,0,0,0,0,0,0,0,0,0,0,0,0,0,0,0,0,0,1,0,1,0,0,0,0,0,0,0,0,0,1,0,1,0,0,0,2
SAN ANTONIO DE PADUA I,2011,0,0,0,1,0,1,0,0,0,0,0,0,0,0,0,0,0,0,0,0,0,3,0,3,0,0,0,0,0,0,0,0,0,0,0,0,4
SAN ANTONIO DE PADUA I,2012,1,0,1,0,0,0,0,0,0,0,0,0,0,0,0,0,0,0,2,0,2,1,0,1,4,0,4,4,0,4,1,0,1,0,0,0,13
SAN ANTONIO DE PADUA I,2013,0,0,0,0,0,0,0,0,0,0,0,0,0,0,0,1,0,1,3,0,3,0,0,0,0,0,0,1,0,1,1,0,1,2,0,2,8
SAN ANTONIO DE PADUA I,2014,1,0,1,0,0,0,0,0,0,0,0,0,0,0,0,0,0,0,2,0,2,1,0,1,4,0,4,4,0,4,1,0,1,0,0,0,13
SAN ANTONIO DE PADUA I,2015,0,0,0,0,0,0,0,0,0,0,0,0,0,0,0,0,0,0,1,1,0,1,0,1,9,4,5,7,3,4,0,0,0,1,0,1,19
SAN ANTONIO DE PADUA I,2016,1,0,1,0,0,0,0,0,0,0,0,0,0,0,0,0,0,0,0,0,0,0,0,0,1,0,1,2,0,2,1,0,1,1,0,1,6
SAN ANTONIO DE PADUA I,2017,0,0,0,0,0,0,0,0,0,0,0,0,0,0,0,1,0,1,0,0,0,0,0,0,0,0,0,0,0,0,0,0,0,0,0,0,1
SAN ANTONIO DE PADUA I,2018,1,0,1,1,0,1,0,0,0,0,0,0,0,0,0,0,0,0,0,0,0,2,0,2,3,0,3,0,0,0,4,0,4,0,0,0,11
SAN ANTONIO DE PADUA I,2019,0,0,0,1,0,1,1,0,1,0,0,0,0,0,0,0,0,0,0,0,0,7,0,7,8,0,8,1,0,1,1,0,1,1,0,1,20
SAN ANTONIO DE PADUA I,2020,0,0,0,1,0,1,0,0,0,0,0,0,0,0,0,0,0,0,0,0,0,0,0,0,0,0,0,0,0,0,0,0,0,0,0,0,1
SAN ANTONIO DE PADUA I,2021,1,0,1,1,0,1,0,0,0,0,0,0,0,0,0,0,0,0,1,0,1,0,0,0,0,0,0,1,0,1,0,0,0,0,0,0,4
SAN ANTONIO DE PADUA I,2022,0,0,0,0,0,0,0,0,0,0,0,0,0,0,0,1,0,1,1,0,1,0,0,0,0,0,0,1,0,1,0,0,0,0,0,0,3
SAN ANTONIO DE PADUA I,2023,1,0,1,0,0,0,0,0,0,0,0,0,0,0,0,0,0,0,0,0,0,1,0,1,0,0,0,0,0,0,0,0,0,0,0,0,2
SAN ANTONIO DE PADUA I,2024,0,0,0,0,0,0,0,0,0,1,0,1,0,0,0,0,0,0,0,0,0,6,0,6,4,0,4,5,0,5,2,0,2,1,0,1,19
SAN ANTONIO DE PADUA II,2010,0,0,0,0,0,0,0,0,0,1,0,1,0,0,0,0,0,0,0,0,0,0,0,0,0,0,0,0,0,0,0,0,0,0,0,0,1
SAN ANTONIO DE PADUA II,2011,0,0,0,0,0,0,0,0,0,0,0,0,0,0,0,0,0,0,0,0,0,0,0,0,0,0,0,0,0,0,0,0,0,1,0,1,1
SAN ANTONIO DE PADUA II,2012,0,0,0,0,0,0,0,0,0,0,0,0,0,0,0,0,0,0,2,0,2,1,0,1,3,0,3,0,0,0,0,0,0,0,0,0,6
SAN ANTONIO DE PADUA II,2013,0,0,0,1,0,1,1,0,1,0,0,0,0,0,0,0,0,0,0,0,0,1,0,1,0,0,0,0,0,0,0,0,0,0,0,0,3
SAN ANTONIO DE PADUA II,2014,0,0,0,0,0,0,0,0,0,0,0,0,0,0,0,0,0,0,2,0,2,1,0,1,3,0,3,0,0,0,0,0,0,0,0,0,6
SAN ANTONIO DE PADUA II,2015,0,0,0,0,0,0,0,0,0,0,0,0,0,0,0,0,0,0,2,1,1,3,3,0,1,1,0,2,1,1,0,0,0,0,0,0,8
SAN ANTONIO DE PADUA II,2016,1,0,1,0,0,0,0,0,0,0,0,0,0,0,0,0,0,0,0,0,0,0,0,0,1,0,1,0,0,0,0,0,0,3,0,3,5
SAN ANTONIO DE PADUA II,2017,0,0,0,1,0,1,0,0,0,0,0,0,0,0,0,0,0,0,0,0,0,0,0,0,0,0,0,0,0,0,0,0,0,0,0,0,1
SAN ANTONIO DE PADUA II,2018,0,0,0,0,0,0,0,0,0,0,0,0,0,0,0,0,0,0,0,0,0,0,0,0,0,0,0,0,0,0,1,0,1,0,0,0,1
SAN ANTONIO DE PADUA II,2019,0,0,0,0,0,0,0,0,0,0,0,0,0,0,0,0,0,0,2,0,2,3,0,3,6,0,6,1,0,1,1,0,1,0,0,0,13
SAN ANTONIO DE PADUA II,2020,4,0,4,0,0,0,0,0,0,0,0,0,0,0,0,0,0,0,0,0,0,0,0,0,0,0,0,0,0,0,1,0,1,0,0,0,5
SAN ANTONIO DE PADUA II,2021,1,0,1,0,0,0,0,0,0,0,0,0,0,0,0,0,0,0,0,0,0,0,0,0,0,0,0,1,1,0,0,0,0,0,0,0,2
SAN ANTONIO DE PADUA II,2022,0,0,0,0,0,0,0,0,0,0,0,0,0,0,0,0,0,0,0,0,0,0,0,0,1,0,1,1,0,1,0,0,0,0,0,0,2
SAN ANTONIO DE PADUA II,2023,0,0,0,0,0,0,1,0,1,0,0,0,1,0,1,0,0,0,0,0,0,1,0,1,0,0,0,0,0,0,0,0,0,0,0,0,3
SAN ANTONIO DE PADUA II,2024,0,0,0,0,0,0,0,0,0,0,0,0,0,0,0,1,0,1,0,0,0,1,0,1,1,0,1,2,0,2,0,0,0,1,0,1,6
SAN DIONISIO (BARANGAY I),2010,0,0,0,0,0,0,0,0,0,0,0,0,0,0,0,0,0,0,0,0,0,2,0,2,1,0,1,2,0,2,0,0,0,0,0,0,5
SAN DIONISIO (BARANGAY I),2011,0,0,0,0,0,0,0,0,0,0,0,0,0,0,0,0,0,0,0,0,0,1,0,1,1,0,1,0,0,0,0,0,0,0,0,0,2
SAN DIONISIO (BARANGAY I),2012,0,0,0,0,0,0,0,0,0,0,0,0,0,0,0,0,0,0,0,0,0,0,0,0,0,0,0,1,0,1,1,0,1,0,0,0,2
SAN DIONISIO (BARANGAY I),2013,0,0,0,0,0,0,0,0,0,0,0,0,0,0,0,0,0,0,0,0,0,2,0,2,1,0,1,0,0,0,3,0,3,0,0,0,6
SAN DIONISIO (BARANGAY I),2014,0,0,0,0,0,0,0,0,0,0,0,0,0,0,0,0,0,0,0,0,0,0,0,0,0,0,0,1,0,1,1,0,1,0,0,0,2
SAN DIONISIO (BARANGAY I),2015,1,1,0,3,3,0,2,0,2,1,1,0,0,0,0,0,0,0,1,0,1,3,3,0,6,5,1,8,6,2,6,3,3,1,0,1,32
SAN DIONISIO (BARANGAY I),2016,0,0,0,0,0,0,0,0,0,0,0,0,0,0,0,0,0,0,0,0,0,0,0,0,0,0,0,0,0,0,0,0,0,1,0,1,1
SAN DIONISIO (BARANGAY I),2017,0,0,0,0,0,0,0,0,0,0,0,0,1,0,1,0,0,0,0,0,0,0,0,0,1,0,1,2,0,2,2,0,2,0,0,0,6
SAN DIONISIO (BARANGAY I),2018,0,0,0,0,0,0,0,0,0,2,0,2,0,0,0,0,0,0,1,0,1,0,0,0,1,0,1,1,0,1,0,0,0,2,0,2,7
SAN DIONISIO (BARANGAY I),2019,0,0,0,0,0,0,0,0,0,1,0,1,0,0,0,1,0,1,2,0,2,6,0,6,21,0,21,6,0,6,5,0,5,1,0,1,43
SAN DIONISIO (BARANGAY I),2021,0,0,0,1,1,0,0,0,0,0,0,0,0,0,0,0,0,0,1,1,0,0,0,0,0,0,0,0,0,0,0,0,0,0,0,0,2
SAN DIONISIO (BARANGAY I),2022,0,0,0,0,0,0,0,0,0,0,0,0,1,0,1,0,0,0,0,0,0,1,0,1,0,0,0,0,0,0,3,0,3,1,0,1,6
SAN DIONISIO (BARANGAY I),2023,1,0,1,1,0,1,0,0,0,0,0,0,0,0,0,0,0,0,0,0,0,0,0,0,0,0,0,0,0,0,0,0,0,0,0,0,2
SAN ESTEBAN (BARANGAY IV),2010,0,0,0,0,0,0,0,0,0,0,0,0,0,0,0,0,0,0,0,0,0,0,0,0,2,0,2,0,0,0,0,0,0,0,0,0,2
SAN ESTEBAN (BARANGAY IV),2011,0,0,0,0,0,0,0,0,0,0,0,0,0,0,0,0,0,0,1,0,1,0,0,0,0,0,0,0,0,0,1,0,1,1,0,1,3
SAN ESTEBAN (BARANGAY IV),2012,0,0,0,1,0,1,0,0,0,0,0,0,0,0,0,0,0,0,0,0,0,0,0,0,1,0,1,0,0,0,1,0,1,1,0,1,4
SAN ESTEBAN (BARANGAY IV),2013,0,0,0,0,0,0,0,0,0,0,0,0,0,0,0,0,0,0,0,0,0,2,0,2,1,0,1,0,0,0,1,0,1,1,0,1,5
SAN ESTEBAN (BARANGAY IV),2014,0,0,0,1,0,1,0,0,0,0,0,0,0,0,0,0,0,0,0,0,0,0,0,0,1,0,1,0,0,0,1,0,1,1,0,1,4
SAN ESTEBAN (BARANGAY IV),2015,0,0,0,0,0,0,0,0,0,0,0,0,0,0,0,0,0,0,0,0,0,1,1,0,2,1,1,4,3,1,3,2,1,1,0,1,11
SAN ESTEBAN (BARANGAY IV),2016,3,0,3,1,0,1,0,0,0,0,0,0,0,0,0,0,0,0,0,0,0,0,0,0,0,0,0,0,0,0,0,0,0,0,0,0,4
SAN ESTEBAN (BARANGAY IV),2017,0,0,0,0,0,0,0,0,0,0,0,0,0,0,0,0,0,0,1,0,1,0,0,0,0,0,0,1,0,1,2,0,2,1,0,1,5
SAN ESTEBAN (BARANGAY IV),2018,1,0,1,0,0,0,0,0,0,0,0,0,0,0,0,1,0,1,1,0,1,1,0,1,4,0,4,2,0,2,3,0,3,1,0,1,14
SAN ESTEBAN (BARANGAY IV),2019,1,0,1,1,0,1,1,0,1,0,0,0,0,0,0,2,0,2,1,0,1,3,0,3,3,0,3,4,0,4,1,0,1,4,0,4,21
SAN ESTEBAN (BARANGAY IV),2020,1,0,1,0,0,0,0,0,0,0,0,0,0,0,0,0,0,0,0,0,0,0,0,0,0,0,0,0,0,0,0,0,0,0,0,0,1
SAN ESTEBAN (BARANGAY IV),2021,0,0,0,2,2,0,0,0,0,0,0,0,0,0,0,0,0,0,2,2,0,0,0,0,0,0,0,0,0,0,0,0,0,0,0,0,4
SAN ESTEBAN (BARANGAY IV),2022,0,0,0,0,0,0,0,0,0,0,0,0,0,0,0,0,0,0,1,0,1,0,0,0,0,0,0,0,0,0,0,0,0,1,0,1,2
SAN ESTEBAN (BARANGAY IV),2023,2,0,2,0,0,0,0,0,0,0,0,0,0,0,0,0,0,0,0,0,0,0,0,0,0,0,0,1,0,1,0,0,0,0,0,0,3
SAN FRANCISCO I,2010,0,0,0,0,0,0,0,0,0,0,0,0,0,0,0,0,0,0,0,0,0,0,0,0,0,0,0,0,0,0,0,0,0,1,0,1,1
SAN FRANCISCO I,2011,0,0,0,1,0,1,2,0,2,0,0,0,1,1,0,1,0,1,2,0,2,3,0,3,1,0,1,0,0,0,0,0,0,0,0,0,11
SAN FRANCISCO I,2012,1,0,1,0,0,0,0,0,0,0,0,0,0,0,0,1,0,1,0,0,0,0,0,0,1,0,1,0,0,0,0,0,0,0,0,0,3
SAN FRANCISCO I,2014,1,0,1,0,0,0,0,0,0,0,0,0,0,0,0,1,0,1,0,0,0,0,0,0,1,0,1,0,0,0,0,0,0,0,0,0,3
SAN FRANCISCO I,2015,2,0,2,0,0,0,0,0,0,0,0,0,0,0,0,0,0,0,1,1,0,0,0,0,3,1,2,4,3,1,4,1,3,1,1,0,15
SAN FRANCISCO I,2016,0,0,0,0,0,0,0,0,0,0,0,0,0,0,0,0,0,0,1,0,1,0,0,0,1,0,1,0,0,0,0,0,0,0,0,0,2
SAN FRANCISCO I,2017,0,0,0,0,0,0,0,0,0,0,0,0,0,0,0,0,0,0,0,0,0,0,0,0,0,0,0,0,0,0,0,0,0,1,0,1,1
SAN FRANCISCO I,2018,0,0,0,2,0,2,0,0,0,0,0,0,0,0,0,0,0,0,0,0,0,0,0,0,0,0,0,0,0,0,0,0,0,0,0,0,2
SAN FRANCISCO I,2019,1,0,1,1,0,1,0,0,0,0,0,0,0,0,0,0,0,0,9,0,9,2,0,2,8,0,8,4,0,4,2,0,2,1,0,1,28
SAN FRANCISCO I,2020,1,0,1,0,0,0,0,0,0,0,0,0,0,0,0,0,0,0,0,0,0,0,0,0,0,0,0,0,0,0,1,0,1,0,0,0,2
SAN FRANCISCO I,2021,0,0,0,0,0,0,0,0,0,0,0,0,0,0,0,0,0,0,0,0,0,0,0,0,0,0,0,1,0,1,0,0,0,0,0,0,1
SAN FRANCISCO I,2022,0,0,0,1,0,1,0,0,0,0,0,0,0,0,0,0,0,0,0,0,0,0,0,0,0,0,0,0,0,0,0,0,0,0,0,0,1
SAN FRANCISCO I,2023,0,0,0,0,0,0,0,0,0,0,0,0,0,0,0,0,0,0,1,0,1,1,0,1,0,0,0,0,0,0,2,0,2,0,0,0,4
SAN FRANCISCO I,2024,0,0,0,0,0,0,0,0,0,0,0,0,0,0,0,0,0,0,1,0,1,1,0,1,0,0,0,1,0,1,3,0,3,1,0,1,7
SAN FRANCISCO II,2011,0,0,0,1,0,1,0,0,0,1,0,1,0,0,0,0,0,0,0,0,0,0,0,0,0,0,0,0,0,0,0,0,0,0,0,0,2
SAN FRANCISCO II,2012,0,0,0,0,0,0,0,0,0,0,0,0,0,0,0,0,0,0,0,0,0,1,0,1,0,0,0,0,0,0,1,0,1,0,0,0,2
SAN FRANCISCO II,2013,0,0,0,0,0,0,0,0,0,0,0,0,0,0,0,0,0,0,0,0,0,0,0,0,1,0,1,0,0,0,0,0,0,0,0,0,1
SAN FRANCISCO II,2014,0,0,0,0,0,0,0,0,0,0,0,0,0,0,0,0,0,0,0,0,0,1,0,1,0,0,0,0,0,0,1,0,1,0,0,0,2
SAN FRANCISCO II,2015,0,0,0,1,1,0,0,0,0,0,0,0,0,0,0,0,0,0,2,1,1,1,0,1,2,1,1,2,1,1,7,4,3,0,0,0,15
SAN FRANCISCO II,2016,2,0,2,0,0,0,0,0,0,0,0,0,0,0,0,0,0,0,0,0,0,0,0,0,0,0,0,0,0,0,0,0,0,0,0,0,2
SAN FRANCISCO II,2017,0,0,0,0,0,0,0,0,0,0,0,0,0,0,0,0,0,0,0,0,0,0,0,0,0,0,0,1,0,1,0,0,0,0,0,0,1
SAN FRANCISCO II,2018,0,0,0,0,0,0,2,0,2,0,0,0,0,0,0,0,0,0,0,0,0,0,0,0,0,0,0,1,0,1,0,0,0,4,0,4,7
SAN FRANCISCO II,2019,0,0,0,2,0,2,1,0,1,0,0,0,0,0,0,0,0,0,4,0,4,2,0,2,6,0,6,5,0,5,7,0,7,1,0,1,28
SAN FRANCISCO II,2020,0,0,0,1,0,1,1,0,1,0,0,0,0,0,0,0,0,0,0,0,0,0,0,0,0,0,0,0,0,0,0,0,0,0,0,0,2
SAN FRANCISCO II,2022,0,0,0,0,0,0,0,0,0,0,0,0,0,0,0,0,0,0,0,0,0,1,0,1,1,0,1,0,0,0,1,0,1,0,0,0,3
SAN FRANCISCO II,2023,0,0,0,0,0,0,0,0,0,0,0,0,0,0,0,0,0,0,2,0,2,0,0,0,0,0,0,0,0,0,0,0,0,0,0,0,2
SAN FRANCISCO II,2024,1,0,1,2,0,2,0,0,0,0,0,0,0,0,0,0,0,0,0,0,0,1,0,1,0,0,0,0,0,0,1,0,1,0,0,0,5
SAN ISIDRO LABRADOR I,2010,0,0,0,0,0,0,0,0,0,0,0,0,0,0,0,0,0,0,1,0,1,5,0,5,3,0,3,0,0,0,0,0,0,0,0,0,9
SAN ISIDRO LABRADOR I,2011,1,0,1,0,0,0,1,0,1,0,0,0,0,0,0,0,0,0,0,0,0,0,0,0,0,0,0,2,0,2,0,0,0,0,0,0,4
SAN ISIDRO LABRADOR I,2012,0,0,0,0,0,0,0,0,0,0,0,0,0,0,0,0,0,0,0,0,0,0,0,0,0,0,0,2,0,2,0,0,0,1,0,1,3
SAN ISIDRO LABRADOR I,2013,0,0,0,0,0,0,0,0,0,0,0,0,0,0,0,0,0,0,1,0,1,0,0,0,8,0,8,1,0,1,0,0,0,0,0,0,10
SAN ISIDRO LABRADOR I,2014,0,0,0,0,0,0,0,0,0,0,0,0,0,0,0,0,0,0,0,0,0,0,0,0,0,0,0,2,0,2,0,0,0,1,0,1,3
SAN ISIDRO LABRADOR I,2015,0,0,0,0,0,0,1,1,0,0,0,0,0,0,0,3,1,2,7,3,4,5,3,2,5,2,3,1,1,0,0,0,0,0,0,0,22
SAN ISIDRO LABRADOR I,2016,1,0,1,1,0,1,0,0,0,0,0,0,0,0,0,0,0,0,0,0,0,0,0,0,0,0,0,0,0,0,0,0,0,0,0,0,2
SAN ISIDRO LABRADOR I,2017,1,0,1,0,0,0,0,0,0,0,0,0,0,0,0,0,0,0,1,0,1,1,0,1,0,0,0,0,0,0,2,0,2,0,0,0,5
SAN ISIDRO LABRADOR I,2018,1,0,1,0,0,0,0,0,0,0,0,0,0,0,0,0,0,0,0,0,0,0,0,0,1,0,1,5,1,4,0,0,0,0,0,0,7
SAN ISIDRO LABRADOR I,2019,1,0,1,0,0,0,1,0,1,0,0,0,1,0,1,0,0,0,1,0,1,0,0,0,6,0,6,0,0,0,1,0,1,1,0,1,12
SAN ISIDRO LABRADOR I,2020,1,0,1,1,0,1,0,0,0,0,0,0,0,0,0,0,0,0,0,0,0,0,0,0,0,0,0,0,0,0,1,0,1,0,0,0,3
SAN ISIDRO LABRADOR I,2021,3,3,0,0,0,0,0,0,0,1,0,1,0,0,0,0,0,0,0,0,0,0,0,0,0,0,0,0,0,0,0,0,0,0,0,0,4
SAN ISIDRO LABRADOR I,2022,0,0,0,1,0,1,0,0,0,1,0,1,0,0,0,0,0,0,1,0,1,4,0,4,2,0,2,1,0,1,0,0,0,0,0,0,10
SAN ISIDRO LABRADOR I,2023,0,0,0,0,0,0,1,0,1,0,0,0,0,0,0,0,0,0,0,0,0,0,0,0,0,0,0,2,0,2,0,0,0,0,0,0,3
SAN ISIDRO LABRADOR I,2024,0,0,0,0,0,0,0,0,0,0,0,0,0,0,0,0,0,0,1,0,1,1,0,1,1,0,1,3,0,3,5,0,5,4,0,4,15
SAN ISIDRO LABRADOR II,2010,0,0,0,0,0,0,0,0,0,0,0,0,0,0,0,0,0,0,0,0,0,2,0,2,0,0,0,0,0,0,0,0,0,0,0,0,2
SAN ISIDRO LABRADOR II,2011,0,0,0,0,0,0,0,0,0,0,0,0,0,0,0,0,0,0,0,0,0,2,0,2,0,0,0,0,0,0,0,0,0,0,0,0,2
SAN ISIDRO LABRADOR II,2012,0,0,0,0,0,0,0,0,0,1,0,1,0,0,0,0,0,0,0,0,0,0,0,0,0,0,0,0,0,0,0,0,0,0,0,0,1
SAN ISIDRO LABRADOR II,2013,0,0,0,0,0,0,0,0,0,0,0,0,0,0,0,0,0,0,0,0,0,0,0,0,0,0,0,1,0,1,1,0,1,0,0,0,2
SAN ISIDRO LABRADOR II,2014,0,0,0,0,0,0,0,0,0,1,0,1,0,0,0,0,0,0,0,0,0,0,0,0,0,0,0,0,0,0,0,0,0,0,0,0,1
SAN ISIDRO LABRADOR II,2015,0,0,0,0,0,0,0,0,0,0,0,0,0,0,0,0,0,0,1,1,0,0,0,0,2,1,1,0,0,0,1,0,1,0,0,0,4
SAN ISIDRO LABRADOR II,2016,0,0,0,0,0,0,0,0,0,0,0,0,0,0,0,0,0,0,1,0,1,0,0,0,0,0,0,0,0,0,0,0,0,0,0,0,1
SAN ISIDRO LABRADOR II,2017,0,0,0,0,0,0,0,0,0,0,0,0,0,0,0,0,0,0,0,0,0,0,0,0,0,0,0,1,0,1,0,0,0,1,0,1,2
SAN ISIDRO LABRADOR II,2018,0,0,0,1,0,1,0,0,0,0,0,0,0,0,0,0,0,0,0,0,0,0,0,0,0,0,0,0,0,0,0,0,0,1,0,1,2
SAN ISIDRO LABRADOR II,2019,0,0,0,0,0,0,0,0,0,0,0,0,0,0,0,1,0,1,1,0,1,2,0,2,3,0,3,1,0,1,0,0,0,0,0,0,8
SAN ISIDRO LABRADOR II,2020,0,0,0,0,0,0,0,0,0,0,0,0,0,0,0,0,0,0,0,0,0,0,0,0,0,0,0,0,0,0,1,0,1,1,0,1,2
SAN ISIDRO LABRADOR II,2021,2,0,2,0,0,0,0,0,0,0,0,0,0,0,0,0,0,0,0,0,0,0,0,0,0,0,0,0,0,0,0,0,0,0,0,0,2
SAN ISIDRO LABRADOR II,2022,0,0,0,0,0,0,1,0,1,0,0,0,0,0,0,0,0,0,0,0,0,1,0,1,0,0,0,0,0,0,0,0,0,0,0,0,2
SAN ISIDRO LABRADOR II,2023,1,0,1,0,0,0,0,0,0,0,0,0,0,0,0,0,0,0,0,0,0,0,0,0,0,0,0,0,0,0,0,0,0,1,0,1,2
SAN ISIDRO LABRADOR II,2024,0,0,0,0,0,0,0,0,0,0,0,0,1,0,1,0,0,0,0,0,0,1,0,1,3,0,3,3,0,3,3,0,3,0,0,0,11
SAN JOSE,2010,0,0,0,0,0,0,0,0,0,0,0,0,0,0,0,0,0,0,1,0,1,2,0,2,7,0,7,7,0,7,6,0,6,2,0,2,25
SAN JOSE,2011,6,0,6,3,0,3,4,0,4,1,0,1,0,0,0,1,0,1,2,0,2,6,0,6,3,0,3,3,0,3,5,0,5,1,0,1,35
SAN JOSE,2012,2,0,2,1,0,1,0,0,0,0,0,0,2,0,2,0,0,0,2,0,2,2,0,2,4,0,4,2,0,2,2,0,2,2,0,2,19
SAN JOSE,2013,0,0,0,0,0,0,1,0,1,0,0,0,0,0,0,0,0,0,2,0,2,8,0,8,6,0,6,5,0,5,3,0,3,0,0,0,25
SAN JOSE,2014,2,0,2,1,0,1,0,0,0,0,0,0,2,0,2,0,0,0,2,0,2,2,0,2,4,0,4,2,0,2,2,0,2,2,0,2,19
SAN JOSE,2015,1,1,0,2,2,0,1,0,1,0,0,0,0,0,0,0,0,0,1,1,0,2,2,0,10,4,6,14,5,9,8,3,5,5,2,3,44
SAN JOSE,2016,2,0,2,1,0,1,0,0,0,0,0,0,0,0,0,0,0,0,1,0,1,1,0,1,2,0,2,2,0,2,0,0,0,4,0,4,13
SAN JOSE,2017,2,0,2,1,0,1,0,0,0,2,0,2,0,0,0,0,0,0,2,0,2,1,0,1,2,0,2,4,0,4,7,0,7,1,0,1,22
SAN JOSE,2018,3,0,3,6,0,6,0,0,0,0,0,0,0,0,0,1,0,1,3,0,3,1,0,1,2,0,2,3,0,3,3,0,3,4,0,4,26
SAN JOSE,2019,3,0,3,2,0,2,2,0,2,1,1,0,2,0,2,0,0,0,18,0,18,19,0,19,35,0,35,15,0,15,7,0,7,1,0,1,105
SAN JOSE,2020,1,0,1,4,0,4,1,0,1,0,0,0,0,0,0,0,0,0,0,0,0,0,0,0,1,0,1,0,0,0,3,0,3,0,0,0,10
SAN JOSE,2021,1,0,1,0,0,0,2,0,2,0,0,0,0,0,0,1,0,1,2,1,1,0,0,0,0,0,0,1,1,0,2,0,2,1,0,1,10
SAN JOSE,2022,1,0,1,1,0,1,0,0,0,1,0,1,1,0,1,0,0,0,0,0,0,2,0,2,3,0,3,2,0,2,0,0,0,0,0,0,11
SAN JOSE,2023,1,0,1,0,0,0,0,0,0,0,0,0,1,0,1,0,0,0,1,0,1,0,0,0,2,0,2,1,0,1,1,0,1,0,0,0,7
SAN JOSE,2024,1,0,1,0,0,0,0,0,0,2,0,2,0,0,0,0,0,0,0,0,0,0,0,0,2,0,2,1,0,1,7,0,7,11,0,11,24
SAN JUAN (SAN JUAN I),2010,0,0,0,0,0,0,0,0,0,0,0,0,0,0,0,0,0,0,0,0,0,2,0,2,1,0,1,0,0,0,0,0,0,0,0,0,3
SAN JUAN (SAN JUAN I),2011,0,0,0,0,0,0,0,0,0,0,0,0,0,0,0,0,0,0,1,0,1,0,0,0,1,0,1,0,0,0,0,0,0,0,0,0,2
SAN JUAN (SAN JUAN I),2012,0,0,0,0,0,0,0,0,0,0,0,0,1,0,1,0,0,0,1,0,1,0,0,0,1,0,1,0,0,0,0,0,0,0,0,0,3
SAN JUAN (SAN JUAN I),2013,0,0,0,0,0,0,0,0,0,0,0,0,0,0,0,0,0,0,2,0,2,0,0,0,0,0,0,0,0,0,2,0,2,0,0,0,4
SAN JUAN (SAN JUAN I),2014,0,0,0,0,0,0,0,0,0,0,0,0,1,0,1,0,0,0,1,0,1,0,0,0,1,0,1,0,0,0,0,0,0,0,0,0,3
SAN JUAN (SAN JUAN I),2015,0,0,0,0,0,0,0,0,0,0,0,0,0,0,0,2,0,2,0,0,0,5,3,2,3,1,2,5,2,3,4,1,3,0,0,0,19
SAN JUAN (SAN JUAN I),2016,0,0,0,0,0,0,0,0,0,0,0,0,0,0,0,0,0,0,0,0,0,1,0,1,0,0,0,0,0,0,0,0,0,0,0,0,1
SAN JUAN (SAN JUAN I),2017,0,0,0,0,0,0,0,0,0,0,0,0,0,0,0,0,0,0,2,0,2,0,0,0,0,0,0,0,0,0,0,0,0,3,0,3,5
SAN JUAN (SAN JUAN I),2018,1,0,1,1,0,1,0,0,0,0,0,0,0,0,0,0,0,0,0,0,0,0,0,0,0,0,0,0,0,0,0,0,0,2,0,2,4
SAN JUAN (SAN JUAN I),2019,1,0,1,3,0,3,0,0,0,0,0,0,0,0,0,0,0,0,3,0,3,7,0,7,11,0,11,1,0,1,1,0,1,0,0,0,27
SAN JUAN (SAN JUAN I),2021,1,0,1,0,0,0,0,0,0,0,0,0,0,0,0,0,0,0,1,1,0,0,0,0,0,0,0,1,1,0,0,0,0,1,0,1,4
SAN JUAN (SAN JUAN I),2022,0,0,0,0,0,0,0,0,0,0,0,0,0,0,0,0,0,0,0,0,0,2,0,2,1,0,1,0,0,0,0,0,0,0,0,0,3
SAN JUAN (SAN JUAN I),2023,0,0,0,0,0,0,1,0,1,0,0,0,0,0,0,0,0,0,0,0,0,0,0,0,0,0,0,0,0,0,0,0,0,0,0,0,1
SAN LORENZO RUIZ I,2010,0,0,0,0,0,0,0,0,0,0,0,0,0,0,0,0,0,0,2,0,2,0,0,0,5,0,5,0,0,0,0,0,0,0,0,0,7
SAN LORENZO RUIZ I,2011,0,0,0,0,0,0,0,0,0,0,0,0,0,0,0,0,0,0,0,0,0,0,0,0,0,0,0,1,0,1,0,0,0,0,0,0,1
SAN LORENZO RUIZ I,2013,0,0,0,0,0,0,0,0,0,0,0,0,0,0,0,0,0,0,1,0,1,0,0,0,0,0,0,0,0,0,0,0,0,0,0,0,1
SAN LORENZO RUIZ I,2015,6,3,3,2,2,0,2,1,1,1,0,1,0,0,0,0,0,0,3,2,1,3,3,0,7,2,5,7,5,2,3,1,2,0,0,0,34
SAN LORENZO RUIZ I,2016,1,0,1,0,0,0,0,0,0,0,0,0,0,0,0,0,0,0,0,0,0,0,0,0,0,0,0,1,0,1,0,0,0,2,0,2,4
SAN LORENZO RUIZ I,2017,0,0,0,0,0,0,0,0,0,0,0,0,0,0,0,1,0,1,0,0,0,0,0,0,0,0,0,0,0,0,2,0,2,0,0,0,3
SAN LORENZO RUIZ I,2018,1,0,1,0,0,0,0,0,0,0,0,0,0,0,0,0,0,0,0,0,0,1,0,1,0,0,0,1,0,1,0,0,0,0,0,0,3
SAN LORENZO RUIZ I,2019,1,0,1,1,0,1,1,0,1,0,0,0,0,0,0,0,0,0,0,0,0,7,0,7,12,0,12,3,0,3,0,0,0,1,0,1,26
SAN LORENZO RUIZ I,2020,1,0,1,0,0,0,0,0,0,0,0,0,0,0,0,0,0,0,0,0,0,0,0,0,0,0,0,0,0,0,0,0,0,0,0,0,1
SAN LORENZO RUIZ I,2021,0,0,0,0,0,0,0,0,0,0,0,0,0,0,0,0,0,0,0,0,0,0,0,0,0,0,0,0,0,0,1,0,1,1,1,0,2
SAN LORENZO RUIZ I,2022,0,0,0,0,0,0,0,0,0,0,0,0,0,0,0,0,0,0,0,0,0,1,0,1,2,0,2,0,0,0,0,0,0,0,0,0,3
SAN LORENZO RUIZ I,2023,0,0,0,0,0,0,0,0,0,0,0,0,0,0,0,0,0,0,0,0,0,0,0,0,0,0,0,1,0,1,0,0,0,0,0,0,1
SAN LORENZO RUIZ I,2024,0,0,0,0,0,0,0,0,0,0,0,0,0,0,0,0,0,0,0,0,0,1,0,1,0,0,0,1,0,1,4,0,4,4,0,4,10
SAN LORENZO RUIZ II,2010,0,0,0,0,0,0,0,0,0,0,0,0,0,0,0,1,0,1,0,0,0,0,0,0,0,0,0,1,0,1,0,0,0,0,0,0,2
SAN LORENZO RUIZ II,2011,0,0,0,0,0,0,0,0,0,1,0,1,0,0,0,0,0,0,0,0,0,1,0,1,2,0,2,0,0,0,0,0,0,0,0,0,4
SAN LORENZO RUIZ II,2012,0,0,0,0,0,0,0,0,0,0,0,0,0,0,0,0,0,0,0,0,0,0,0,0,0,0,0,2,0,2,0,0,0,1,0,1,3
SAN LORENZO RUIZ II,2013,0,0,0,0,0,0,0,0,0,0,0,0,0,0,0,0,0,0,0,0,0,3,0,3,0,0,0,0,0,0,0,0,0,0,0,0,3
SAN LORENZO RUIZ II,2014,0,0,0,0,0,0,0,0,0,0,0,0,0,0,0,0,0,0,0,0,0,0,0,0,0,0,0,2,0,2,0,0,0,1,0,1,3
SAN LORENZO RUIZ II,2015,0,0,0,2,2,0,0,0,0,0,0,0,0,0,0,0,0,0,10,4,6,5,4,1,3,3,0,3,2,1,1,1,0,0,0,0,24
SAN LORENZO RUIZ II,2016,1,0,1,0,0,0,0,0,0,0,0,0,0,0,0,0,0,0,0,0,0,0,0,0,0,0,0,1,0,1,1,0,1,0,0,0,3
SAN LORENZO RUIZ II,2018,0,0,0,0,0,0,0,0,0,0,0,0,0,0,0,0,0,0,0,0,0,0,0,0,0,0,0,1,0,1,0,0,0,0,0,0,1
SAN LORENZO RUIZ II,2019,0,0,0,0,0,0,1,0,1,0,0,0,0,0,0,0,0,0,0,0,0,1,0,1,2,0,2,3,0,3,0,0,0,0,0,0,7
SAN LORENZO RUIZ II,2020,1,0,1,0,0,0,0,0,0,0,0,0,0,0,0,0,0,0,0,0,0,0,0,0,0,0,0,0,0,0,1,0,1,1,0,1,3
SAN LORENZO RUIZ II,2021,0,0,0,0,0,0,2,2,0,0,0,0,0,0,0,0,0,0,0,0,0,0,0,0,0,0,0,1,0,1,0,0,0,0,0,0,3
SAN LORENZO RUIZ II,2023,1,0,1,0,0,0,0,0,0,0,0,0,0,0,0,0,0,0,0,0,0,0,0,0,0,0,0,0,0,0,2,0,2,0,0,0,3
SAN LORENZO RUIZ II,2024,0,0,0,0,0,0,0,0,0,0,0,0,0,0,0,0,0,0,0,0,0,0,0,0,0,0,0,1,0,1,2,0,2,0,0,0,3
SAN LUIS I,2010,0,0,0,0,0,0,0,0,0,0,0,0,0,0,0,0,0,0,0,0,0,0,0,0,0,0,0,1,0,1,0,0,0,0,0,0,1
SAN LUIS I,2011,1,0,1,0,0,0,0,0,0,0,0,0,0,0,0,0,0,0,0,0,0,1,0,1,1,0,1,1,0,1,2,0,2,0,0,0,6
SAN LUIS I,2012,0,0,0,0,0,0,0,0,0,0,0,0,0,0,0,0,0,0,0,0,0,0,0,0,0,0,0,1,0,1,0,0,0,0,0,0,1
SAN LUIS I,2013,0,0,0,0,0,0,0,0,0,0,0,0,0,0,0,0,0,0,2,0,2,4,0,4,0,0,0,2,0,2,0,0,0,0,0,0,8
SAN LUIS I,2014,0,0,0,0,0,0,0,0,0,0,0,0,0,0,0,0,0,0,0,0,0,0,0,0,0,0,0,1,0,1,0,0,0,0,0,0,1
SAN LUIS I,2015,2,2,0,0,0,0,2,1,1,0,0,0,0,0,0,0,0,0,0,0,0,2,2,0,5,3,2,12,5,7,6,4,2,1,0,1,30
SAN LUIS I,2016,0,0,0,0,0,0,0,0,0,0,0,0,0,0,0,0,0,0,0,0,0,0,0,0,0,0,0,0,0,0,1,0,1,0,0,0,1
SAN LUIS I,2017,2,0,2,0,0,0,0,0,0,0,0,0,0,0,0,0,0,0,0,0,0,1,0,1,0,0,0,0,0,0,0,0,0,1,0,1,4
SAN LUIS I,2018,0,0,0,0,0,0,0,0,0,0,0,0,0,0,0,0,0,0,0,0,0,1,0,1,1,0,1,0,0,0,0,0,0,1,0,1,3
SAN LUIS I,2019,1,0,1,1,0,1,0,0,0,0,0,0,0,0,0,0,0,0,2,0,2,6,0,6,8,0,8,3,0,3,9,0,9,0,0,0,30
SAN LUIS I,2020,3,0,3,2,0,2,0,0,0,0,0,0,0,0,0,0,0,0,0,0,0,0,0,0,0,0,0,0,0,0,0,0,0,0,0,0,5
SAN LUIS I,2021,2,2,0,0,0,0,0,0,0,0,0,0,0,0,0,0,0,0,1,1,0,0,0,0,0,0,0,0,0,0,0,0,0,0,0,0,3
SAN LUIS I,2022,0,0,0,0,0,0,0,0,0,0,0,0,0,0,0,0,0,0,1,0,1,0,0,0,1,0,1,0,0,0,0,0,0,0,0,0,2
SAN LUIS I,2023,0,0,0,0,0,0,1,0,1,0,0,0,0,0,0,0,0,0,0,0,0,0,0,0,1,0,1,1,0,1,0,0,0,0,0,0,3
SAN LUIS I,2024,0,0,0,0,0,0,0,0,0,0,0,0,0,0,0,0,0,0,0,0,0,0,0,0,2,0,2,2,0,2,5,0,5,4,0,4,13
SAN LUIS II,2010,0,0,0,0,0,0,0,0,0,0,0,0,0,0,0,0,0,0,0,0,0,0,0,0,0,0,0,2,0,2,1,0,1,1,0,1,4
SAN LUIS II,2011,1,0,1,0,0,0,0,0,0,0,0,0,0,0,0,0,0,0,0,0,0,0,0,0,3,0,3,0,0,0,0,0,0,0,0,0,4
SAN LUIS II,2012,0,0,0,0,0,0,0,0,0,0,0,0,0,0,0,0,0,0,0,0,0,0,0,0,1,0,1,2,0,2,0,0,0,0,0,0,3
SAN LUIS II,2013,1,0,1,0,0,0,0,0,0,0,0,0,0,0,0,0,0,0,0,0,0,0,0,0,0,0,0,0,0,0,0,0,0,0,0,0,1
SAN LUIS II,2014,0,0,0,0,0,0,0,0,0,0,0,0,0,0,0,0,0,0,0,0,0,0,0,0,1,0,1,2,0,2,0,0,0,0,0,0,3
SAN LUIS II,2015,0,0,0,2,1,1,1,1,0,0,0,0,0,0,0,2,2,0,4,1,3,3,0,3,5,5,0,16,5,11,4,2,2,2,1,1,39
SAN LUIS II,2016,1,0,1,1,0,1,0,0,0,0,0,0,0,0,0,0,0,0,0,0,0,0,0,0,0,0,0,0,0,0,0,0,0,1,0,1,3
SAN LUIS II,2017,2,0,2,0,0,0,0,0,0,0,0,0,0,0,0,0,0,0,1,0,1,0,0,0,0,0,0,0,0,0,0,0,0,2,0,2,5
SAN LUIS II,2018,2,0,2,1,0,1,0,0,0,0,0,0,0,0,0,0,0,0,0,0,0,0,0,0,0,0,0,0,0,0,0,0,0,1,0,1,4
SAN LUIS II,2019,2,0,2,1,0,1,1,0,1,1,0,1,0,0,0,1,0,1,13,0,13,15,0,15,8,0,8,4,0,4,1,0,1,0,0,0,47
SAN LUIS II,2020,0,0,0,2,0,2,0,0,0,0,0,0,0,0,0,0,0,0,0,0,0,0,0,0,0,0,0,0,0,0,0,0,0,3,0,3,5
SAN LUIS II,2021,3,2,1,0,0,0,0,0,0,0,0,0,0,0,0,0,0,0,0,0,0,0,0,0,1,0,1,1,1,0,0,0,0,0,0,0,5
SAN LUIS II,2022,0,0,0,0,0,0,0,0,0,1,0,1,0,0,0,0,0,0,0,0,0,0,0,0,0,0,0,2,0,2,1,0,1,0,0,0,4
SAN LUIS II,2023,0,0,0,0,0,0,0,0,0,0,0,0,0,0,0,0,0,0,0,0,0,0,0,0,1,0,1,0,0,0,2,0,2,0,0,0,3
SAN LUIS II,2024,0,0,0,0,0,0,0,0,0,0,0,0,0,0,0,0,0,0,0,0,0,0,0,0,3,0,3,5,0,5,5,0,5,8,0,8,21
SAN MANUEL I,2010,0,0,0,0,0,0,0,0,0,0,0,0,0,0,0,0,0,0,0,0,0,1,0,1,1,0,1,1,0,1,0,0,0,1,0,1,4
SAN MANUEL I,2012,0,0,0,0,0,0,0,0,0,0,0,0,0,0,0,0,0,0,0,0,0,0,0,0,0,0,0,2,0,2,0,0,0,0,0,0,2
SAN MANUEL I,2013,0,0,0,0,0,0,1,0,1,0,0,0,0,0,0,0,0,0,0,0,0,1,0,1,0,0,0,1,0,1,0,0,0,1,0,1,4
SAN MANUEL I,2014,0,0,0,0,0,0,0,0,0,0,0,0,0,0,0,0,0,0,0,0,0,0,0,0,0,0,0,2,0,2,0,0,0,0,0,0,2
SAN MANUEL I,2015,0,0,0,0,0,0,2,0,2,0,0,0,0,0,0,0,0,0,2,0,2,0,0,0,5,1,4,3,3,0,1,0,1,0,0,0,13
SAN MANUEL I,2016,1,0,1,0,0,0,0,0,0,0,0,0,0,0,0,0,0,0,0,0,0,0,0,0,0,0,0,0,0,0,0,0,0,0,0,0,1
SAN MANUEL I,2017,0,0,0,0,0,0,0,0,0,0,0,0,0,0,0,0,0,0,0,0,0,0,0,0,0,0,0,0,0,0,1,0,1,1,0,1,2
SAN MANUEL I,2018,0,0,0,0,0,0,0,0,0,0,0,0,0,0,0,0,0,0,0,0,0,0,0,0,1,0,1,2,0,2,3,0,3,1,0,1,7
SAN MANUEL I,2019,2,0,2,1,0,1,0,0,0,1,0,1,1,0,1,0,0,0,1,0,1,0,0,0,0,0,0,1,0,1,0,0,0,0,0,0,7
SAN MANUEL I,2022,0,0,0,0,0,0,0,0,0,0,0,0,0,0,0,0,0,0,0,0,0,1,0,1,0,0,0,1,0,1,0,0,0,0,0,0,2
SAN MANUEL I,2023,0,0,0,0,0,0,0,0,0,0,0,0,0,0,0,1,0,1,1,0,1,0,0,0,0,0,0,0,0,0,1,0,1,0,0,0,3
SAN MANUEL I,2024,0,0,0,0,0,0,0,0,0,0,0,0,0,0,0,0,0,0,0,0,0,0,0,0,5,0,5,2,0,2,4,0,4,1,0,1,12
SAN MANUEL II,2010,0,0,0,0,0,0,0,0,0,0,0,0,0,0,0,0,0,0,0,0,0,2,0,2,2,0,2,0,0,0,0,0,0,0,0,0,4
SAN MANUEL II,2011,1,0,1,0,0,0,0,0,0,0,0,0,0,0,0,0,0,0,0,0,0,0,0,0,0,0,0,0,0,0,0,0,0,0,0,0,1
SAN MANUEL II,2012,0,0,0,0,0,0,1,0,1,0,0,0,0,0,0,0,0,0,1,0,1,0,0,0,2,0,2,1,0,1,0,0,0,0,0,0,5
SAN MANUEL II,2013,0,0,0,0,0,0,0,0,0,0,0,0,0,0,0,0,0,0,0,0,0,0,0,0,0,0,0,0,0,0,2,0,2,0,0,0,2
SAN MANUEL II,2014,0,0,0,0,0,0,1,0,1,0,0,0,0,0,0,0,0,0,1,0,1,0,0,0,2,0,2,1,0,1,0,0,0,0,0,0,5
SAN MANUEL II,2015,0,0,0,1,1,0,3,2,1,0,0,0,0,0,0,0,0,0,3,3,0,5,1,4,4,3,1,7,4,3,1,0,1,0,0,0,24
SAN MANUEL II,2016,0,0,0,0,0,0,1,0,1,0,0,0,0,0,0,0,0,0,0,0,0,0,0,0,0,0,0,0,0,0,0,0,0,0,0,0,1
SAN MANUEL II,2017,0,0,0,0,0,0,0,0,0,0,0,0,0,0,0,0,0,0,2,0,2,0,0,0,1,0,1,1,0,1,2,0,2,1,0,1,7
SAN MANUEL II,2018,0,0,0,0,0,0,0,0,0,0,0,0,0,0,0,0,0,0,1,0,1,0,0,0,0,0,0,3,0,3,4,0,4,0,0,0,8
SAN MANUEL II,2019,1,0,1,0,0,0,0,0,0,0,0,0,0,0,0,0,0,0,0,0,0,2,0,2,2,0,2,2,0,2,2,0,2,0,0,0,9
SAN MANUEL II,2020,0,0,0,0,0,0,0,0,0,0,0,0,1,0,1,0,0,0,0,0,0,0,0,0,0,0,0,0,0,0,0,0,0,0,0,0,1
SAN MANUEL II,2021,0,0,0,1,1,0,0,0,0,0,0,0,0,0,0,0,0,0,0,0,0,0,0,0,0,0,0,0,0,0,0,0,0,0,0,0,1
SAN MANUEL II,2022,0,0,0,0,0,0,0,0,0,0,0,0,1,0,1,0,0,0,0,0,0,0,0,0,0,0,0,1,0,1,0,0,0,0,0,0,2
SAN MANUEL II,2023,0,0,0,2,0,2,1,0,1,0,0,0,0,0,0,0,0,0,0,0,0,0,0,0,0,0,0,0,0,0,1,0,1,0,0,0,4
SAN MANUEL II,2024,0,0,0,0,0,0,0,0,0,0,0,0,0,0,0,0,0,0,1,0,1,0,0,0,1,0,1,1,0,1,0,0,0,2,0,2,5
SAN MATEO,2010,0,0,0,0,0,0,0,0,0,0,0,0,0,0,0,0,0,0,0,0,0,1,0,1,1,0,1,0,0,0,0,0,0,0,0,0,2
SAN MATEO,2011,1,0,1,3,0,3,0,0,0,0,0,0,0,0,0,0,0,0,1,0,1,1,0,1,0,0,0,1,0,1,0,0,0,0,0,0,7
SAN MATEO,2012,0,0,0,0,0,0,0,0,0,0,0,0,0,0,0,0,0,0,0,0,0,0,0,0,2,0,2,1,0,1,1,0,1,1,0,1,5
SAN MATEO,2013,1,0,1,0,0,0,0,0,0,0,0,0,0,0,0,1,0,1,0,0,0,0,0,0,1,0,1,0,0,0,0,0,0,0,0,0,3
SAN MATEO,2014,0,0,0,0,0,0,0,0,0,0,0,0,0,0,0,0,0,0,0,0,0,0,0,0,2,0,2,1,0,1,1,0,1,1,0,1,5
SAN MATEO,2015,0,0,0,1,0,1,0,0,0,0,0,0,0,0,0,0,0,0,0,0,0,1,0,1,4,3,1,9,5,4,5,4,1,0,0,0,20
SAN MATEO,2016,1,0,1,0,0,0,0,0,0,0,0,0,0,0,0,0,0,0,1,0,1,0,0,0,0,0,0,0,0,0,1,0,1,0,0,0,3
SAN MATEO,2017,2,0,2,1,0,1,0,0,0,0,0,0,0,0,0,0,0,0,0,0,0,0,0,0,0,0,0,0,0,0,0,0,0,1,0,1,4
SAN MATEO,2018,0,0,0,3,0,3,2,0,2,1,0,1,0,0,0,0,0,0,0,0,0,0,0,0,1,0,1,0,0,0,2,0,2,1,0,1,10
SAN MATEO,2019,0,0,0,0,0,0,0,0,0,0,0,0,0,0,0,0,0,0,8,0,8,6,0,6,9,0,9,5,0,5,3,0,3,0,0,0,31
SAN MATEO,2020,2,0,2,0,0,0,0,0,0,0,0,0,0,0,0,0,0,0,0,0,0,0,0,0,1,0,1,10,0,10,12,0,12,1,0,1,26
SAN MATEO,2021,1,0,1,0,0,0,0,0,0,0,0,0,0,0,0,4,1,3,0,0,0,0,0,0,0,0,0,0,0,0,3,1,2,1,1,0,9
SAN MATEO,2022,0,0,0,1,0,1,0,0,0,0,0,0,0,0,0,0,0,0,0,0,0,0,0,0,0,0,0,0,0,0,0,0,0,0,0,0,1
SAN MATEO,2023,2,0,2,1,0,1,0,0,0,0,0,0,0,0,0,0,0,0,0,0,0,1,0,1,1,0,1,8,0,8,1,0,1,0,0,0,14
SAN MATEO,2024,0,0,0,0,0,0,1,0,1,0,0,0,0,0,0,0,0,0,0,0,0,0,0,0,1,0,1,1,0,1,4,0,4,7,0,7,14
SAN MIGUEL,2010,0,0,0,0,0,0,0,0,0,0,0,0,0,0,0,0,0,0,0,0,0,0,0,0,0,0,0,2,0,2,1,0,1,0,0,0,3
SAN MIGUEL,2011,0,0,0,0,0,0,0,0,0,0,0,0,0,0,0,0,0,0,1,0,1,4,0,4,1,0,1,1,0,1,0,0,0,0,0,0,7
SAN MIGUEL,2013,0,0,0,1,0,1,0,0,0,0,0,0,0,0,0,0,0,0,0,0,0,0,0,0,0,0,0,0,0,0,0,0,0,0,0,0,1
SAN MIGUEL,2015,1,1,0,0,0,0,0,0,0,0,0,0,0,0,0,1,0,1,1,1,0,3,3,0,7,3,4,7,6,1,5,2,3,0,0,0,25
SAN MIGUEL,2016,0,0,0,0,0,0,0,0,0,0,0,0,0,0,0,0,0,0,0,0,0,0,0,0,0,0,0,1,0,1,0,0,0,0,0,0,1
SAN MIGUEL,2017,0,0,0,0,0,0,0,0,0,0,0,0,0,0,0,0,0,0,0,0,0,0,0,0,2,0,2,0,0,0,0,0,0,0,0,0,2
SAN MIGUEL,2018,0,0,0,0,0,0,0,0,0,0,0,0,0,0,0,0,0,0,0,0,0,0,0,0,1,0,1,1,0,1,1,0,1,1,0,1,4
SAN MIGUEL,2019,1,0,1,0,0,0,0,0,0,0,0,0,0,0,0,1,0,1,6,0,6,1,0,1,9,1,8,3,0,3,0,0,0,1,0,1,22
SAN MIGUEL,2020,1,0,1,0,0,0,0,0,0,0,0,0,0,0,0,0,0,0,0,0,0,0,0,0,0,0,0,0,0,0,0,0,0,0,0,0,1
SAN MIGUEL,2021,0,0,0,0,0,0,0,0,0,1,1,0,0,0,0,0,0,0,0,0,0,0,0,0,0,0,0,0,0,0,0,0,0,1,0,1,2
SAN MIGUEL,2022,0,0,0,0,0,0,1,0,1,0,0,0,0,0,0,0,0,0,0,0,0,1,0,1,1,0,1,0,0,0,1,0,1,1,0,1,5
SAN MIGUEL,2023,0,0,0,0,0,0,0,0,0,0,0,0,0,0,0,0,0,0,0,0,0,2,0,2,0,0,0,0,0,0,0,0,0,1,0,1,3
SAN MIGUEL,2024,0,0,0,0,0,0,0,0,0,1,0,1,0,0,0,0,0,0,0,0,0,1,0,1,2,0,2,4,0,4,2,0,2,4,0,4,14
SAN MIGUEL II,2010,0,0,0,0,0,0,0,0,0,0,0,0,0,0,0,0,0,0,0,0,0,1,0,1,4,0,4,2,0,2,0,0,0,0,0,0,7
SAN MIGUEL II,2011,0,0,0,0,0,0,0,0,0,0,0,0,0,0,0,0,0,0,0,0,0,1,0,1,2,0,2,1,0,1,0,0,0,0,0,0,4
SAN MIGUEL II,2012,1,0,1,0,0,0,0,0,0,0,0,0,0,0,0,0,0,0,0,0,0,0,0,0,0,0,0,0,0,0,0,0,0,0,0,0,1
SAN MIGUEL II,2013,0,0,0,0,0,0,0,0,0,0,0,0,0,0,0,0,0,0,0,0,0,1,0,1,1,0,1,0,0,0,0,0,0,0,0,0,2
SAN MIGUEL II,2014,1,0,1,0,0,0,0,0,0,0,0,0,0,0,0,0,0,0,0,0,0,0,0,0,0,0,0,0,0,0,0,0,0,0,0,0,1
SAN MIGUEL II,2015,0,0,0,1,1,0,0,0,0,0,0,0,0,0,0,0,0,0,2,0,2,3,3,0,3,1,2,3,3,0,1,1,0,0,0,0,13
SAN MIGUEL II,2018,0,0,0,0,0,0,0,0,0,0,0,0,0,0,0,0,0,0,0,0,0,0,0,0,1,0,1,0,0,0,1,0,1,0,0,0,2
SAN MIGUEL II,2019,1,0,1,1,0,1,0,0,0,0,0,0,0,0,0,0,0,0,1,0,1,2,0,2,4,0,4,1,0,1,0,0,0,0,0,0,10
SAN MIGUEL II,2020,0,0,0,0,0,0,1,0,1,0,0,0,0,0,0,0,0,0,0,0,0,0,0,0,0,0,0,0,0,0,0,0,0,0,0,0,1
SAN MIGUEL II,2022,1,0,1,0,0,0,0,0,0,0,0,0,0,0,0,2,0,2,0,0,0,1,0,1,1,0,1,1,0,1,0,0,0,0,0,0,6
SAN MIGUEL II,2024,0,0,0,0,0,0,0,0,0,0,0,0,0,0,0,0,0,0,0,0,0,0,0,0,2,0,2,1,0,1,4,0,4,1,0,1,8
SAN NICOLAS I,2010,0,0,0,0,0,0,0,0,0,0,0,0,0,0,0,0,0,0,0,0,0,1,0,1,1,0,1,1,0,1,0,0,0,0,0,0,3
SAN NICOLAS I,2011,5,0,5,1,0,1,0,0,0,2,0,2,0,0,0,0,0,0,3,0,3,0,0,0,0,0,0,0,0,0,0,0,0,0,0,0,11
SAN NICOLAS I,2012,0,0,0,0,0,0,0,0,0,0,0,0,1,0,1,0,0,0,1,0,1,0,0,0,1,0,1,0,0,0,0,0,0,0,0,0,3
SAN NICOLAS I,2013,0,0,0,0,0,0,0,0,0,0,0,0,0,0,0,0,0,0,0,0,0,0,0,0,1,0,1,0,0,0,0,0,0,0,0,0,1
SAN NICOLAS I,2014,0,0,0,0,0,0,0,0,0,0,0,0,1,0,1,0,0,0,1,0,1,0,0,0,1,0,1,0,0,0,0,0,0,0,0,0,3
SAN NICOLAS I,2015,0,0,0,0,0,0,0,0,0,0,0,0,0,0,0,0,0,0,0,0,0,2,1,1,0,0,0,5,2,3,1,0,1,2,0,2,10
SAN NICOLAS I,2017,0,0,0,0,0,0,0,0,0,0,0,0,0,0,0,1,0,1,0,0,0,0,0,0,0,0,0,0,0,0,0,0,0,0,0,0,1
SAN NICOLAS I,2018,1,0,1,0,0,0,0,0,0,0,0,0,0,0,0,0,0,0,0,0,0,0,0,0,0,0,0,1,0,1,1,0,1,1,0,1,4
SAN NICOLAS I,2019,0,0,0,0,0,0,0,0,0,0,0,0,0,0,0,0,0,0,0,0,0,9,0,9,10,0,10,2,0,2,4,0,4,3,0,3,28
SAN NICOLAS I,2020,1,0,1,0,0,0,0,0,0,0,0,0,0,0,0,0,0,0,0,0,0,0,0,0,0,0,0,2,0,2,0,0,0,1,0,1,4
SAN NICOLAS I,2023,0,0,0,1,0,1,0,0,0,0,0,0,0,0,0,0,0,0,0,0,0,0,0,0,0,0,0,0,0,0,1,0,1,0,0,0,2
SAN NICOLAS I,2024,0,0,0,0,0,0,0,0,0,0,0,0,0,0,0,0,0,0,1,1,0,0,0,0,1,0,1,0,0,0,1,0,1,0,0,0,3
SAN NICOLAS II,2010,0,0,0,1,0,1,0,0,0,0,0,0,0,0,0,0,0,0,0,0,0,0,0,0,0,0,0,0,0,0,1,0,1,0,0,0,2
SAN NICOLAS II,2011,0,0,0,1,0,1,0,0,0,0,0,0,0,0,0,2,0,2,4,0,4,5,0,5,2,0,2,0,0,0,0,0,0,0,0,0,14
SAN NICOLAS II,2012,0,0,0,0,0,0,0,0,0,0,0,0,0,0,0,0,0,0,0,0,0,0,0,0,1,0,1,0,0,0,0,0,0,1,0,1,2
SAN NICOLAS II,2013,0,0,0,1,0,1,0,0,0,0,0,0,0,0,0,0,0,0,0,0,0,1,0,1,1,0,1,0,0,0,0,0,0,0,0,0,3
SAN NICOLAS II,2014,0,0,0,0,0,0,0,0,0,0,0,0,0,0,0,0,0,0,0,0,0,0,0,0,1,0,1,0,0,0,0,0,0,1,0,1,2
SAN NICOLAS II,2015,0,0,0,0,0,0,0,0,0,1,1,0,0,0,0,0,0,0,1,0,1,0,0,0,4,1,3,2,2,0,3,1,2,0,0,0,11
SAN NICOLAS II,2016,3,0,3,0,0,0,0,0,0,0,0,0,0,0,0,0,0,0,0,0,0,0,0,0,1,0,1,1,0,1,1,0,1,0,0,0,6
SAN NICOLAS II,2017,1,0,1,0,0,0,0,0,0,0,0,0,0,0,0,0,0,0,0,0,0,0,0,0,0,0,0,0,0,0,0,0,0,0,0,0,1
SAN NICOLAS II,2018,0,0,0,1,0,1,0,0,0,1,0,1,0,0,0,0,0,0,0,0,0,1,0,1,0,0,0,0,0,0,0,0,0,2,0,2,5
SAN NICOLAS II,2019,1,0,1,0,0,0,0,0,0,0,0,0,0,0,0,0,0,0,1,0,1,3,0,3,7,0,7,3,0,3,3,0,3,2,0,2,20
SAN NICOLAS II,2020,1,0,1,0,0,0,0,0,0,1,0,1,0,0,0,0,0,0,0,0,0,0,0,0,0,0,0,0,0,0,0,0,0,0,0,0,2
SAN NICOLAS II,2021,0,0,0,0,0,0,1,0,1,0,0,0,0,0,0,0,0,0,0,0,0,0,0,0,0,0,0,0,0,0,0,0,0,0,0,0,1
SAN NICOLAS II,2023,0,0,0,0,0,0,0,0,0,0,0,0,0,0,0,0,0,0,0,0,0,0,0,0,2,0,2,0,0,0,0,0,0,0,0,0,2
SAN NICOLAS II,2024,3,0,3,0,0,0,0,0,0,0,0,0,0,0,0,0,0,0,0,0,0,0,0,0,0,0,0,3,0,3,0,0,0,2,0,2,8
SAN ROQUE (STA. CRISTINA II),2010,0,0,0,0,0,0,0,0,0,0,0,0,0,0,0,0,0,0,0,0,0,0,0,0,1,0,1,1,0,1,0,0,0,0,0,0,2
SAN ROQUE (STA. CRISTINA II),2012,0,0,0,0,0,0,0,0,0,0,0,0,2,0,2,0,0,0,0,0,0,0,0,0,0,0,0,0,0,0,0,0,0,0,0,0,2
SAN ROQUE (STA. CRISTINA II),2014,0,0,0,0,0,0,0,0,0,0,0,0,2,0,2,0,0,0,0,0,0,0,0,0,0,0,0,0,0,0,0,0,0,0,0,0,2
SAN ROQUE (STA. CRISTINA II),2015,1,0,1,0,0,0,0,0,0,0,0,0,0,0,0,0,0,0,2,1,1,0,0,0,4,3,1,6,0,6,2,1,1,0,0,0,15
SAN ROQUE (STA. CRISTINA II),2016,0,0,0,0,0,0,0,0,0,0,0,0,0,0,0,0,0,0,0,0,0,0,0,0,0,0,0,1,0,1,0,0,0,0,0,0,1
SAN ROQUE (STA. CRISTINA II),2017,0,0,0,0,0,0,0,0,0,1,0,1,0,0,0,0,0,0,0,0,0,0,0,0,0,0,0,0,0,0,0,0,0,0,0,0,1
SAN ROQUE (STA. CRISTINA II),2018,1,0,1,0,0,0,0,0,0,0,0,0,0,0,0,0,0,0,0,0,0,0,0,0,1,0,1,0,0,0,2,0,2,0,0,0,4
SAN ROQUE (STA. CRISTINA II),2019,0,0,0,0,0,0,0,0,0,0,0,0,0,0,0,0,0,0,1,0,1,2,0,2,5,0,5,1,0,1,1,0,1,0,0,0,10
SAN ROQUE (STA. CRISTINA II),2020,2,0,2,0,0,0,0,0,0,0,0,0,0,0,0,0,0,0,0,0,0,0,0,0,0,0,0,0,0,0,0,0,0,0,0,0,2
SAN SIMON (BARANGAY 7),2010,0,0,0,0,0,0,0,0,0,0,0,0,0,0,0,0,0,0,0,0,0,1,0,1,1,0,1,0,0,0,0,0,0,1,0,1,3
SAN SIMON (BARANGAY 7),2011,3,0,3,3,0,3,0,0,0,0,0,0,0,0,0,0,0,0,0,0,0,6,0,6,1,0,1,0,0,0,0,0,0,0,0,0,13
SAN SIMON (BARANGAY 7),2012,0,0,0,0,0,0,0,0,0,0,0,0,0,0,0,1,0,1,1,0,1,0,0,0,1,0,1,1,0,1,0,0,0,0,0,0,4
SAN SIMON (BARANGAY 7),2013,0,0,0,0,0,0,0,0,0,0,0,0,0,0,0,0,0,0,1,0,1,0,0,0,0,0,0,0,0,0,0,0,0,0,0,0,1
SAN SIMON (BARANGAY 7),2014,0,0,0,0,0,0,0,0,0,0,0,0,0,0,0,1,0,1,1,0,1,0,0,0,1,0,1,1,0,1,0,0,0,0,0,0,4
SAN SIMON (BARANGAY 7),2015,1,0,1,0,0,0,0,0,0,0,0,0,0,0,0,0,0,0,1,0,1,2,2,0,13,6,7,8,5,3,13,7,6,1,0,1,39
SAN SIMON (BARANGAY 7),2016,1,0,1,0,0,0,0,0,0,0,0,0,0,0,0,1,0,1,0,0,0,0,0,0,0,0,0,0,0,0,3,0,3,0,0,0,5
SAN SIMON (BARANGAY 7),2017,0,0,0,1,0,1,0,0,0,0,0,0,0,0,0,0,0,0,0,0,0,1,0,1,2,0,2,1,0,1,2,0,2,1,0,1,8
SAN SIMON (BARANGAY 7),2018,0,0,0,0,0,0,0,0,0,0,0,0,0,0,0,0,0,0,0,0,0,0,0,0,0,0,0,1,0,1,2,0,2,0,0,0,3
SAN SIMON (BARANGAY 7),2019,0,0,0,0,0,0,1,0,1,0,0,0,0,0,0,0,0,0,3,0,3,5,0,5,22,0,22,11,0,11,6,0,6,6,0,6,54
SAN SIMON (BARANGAY 7),2020,2,0,2,3,0,3,0,0,0,0,0,0,0,0,0,0,0,0,0,0,0,0,0,0,0,0,0,0,0,0,0,0,0,0,0,0,5
SAN SIMON (BARANGAY 7),2021,0,0,0,0,0,0,0,0,0,0,0,0,0,0,0,0,0,0,0,0,0,1,1,0,0,0,0,0,0,0,0,0,0,1,0,1,2
SAN SIMON (BARANGAY 7),2022,0,0,0,0,0,0,0,0,0,0,0,0,0,0,0,0,0,0,0,0,0,1,0,1,0,0,0,0,0,0,0,0,0,0,0,0,1
SAN SIMON (BARANGAY 7),2023,1,0,1,1,0,1,0,0,0,0,0,0,0,0,0,0,0,0,0,0,0,0,0,0,0,0,0,0,0,0,0,0,0,0,0,0,2
SANTA CRISTINA I,2010,0,0,0,0,0,0,0,0,0,0,0,0,0,0,0,0,0,0,0,0,0,1,0,1,1,0,1,2,0,2,0,0,0,0,0,0,4
SANTA CRISTINA I,2011,0,0,0,0,0,0,0,0,0,1,0,1,0,0,0,0,0,0,0,0,0,0,0,0,0,0,0,0,0,0,0,0,0,0,0,0,1
SANTA CRISTINA I,2012,1,0,1,0,0,0,0,0,0,0,0,0,0,0,0,0,0,0,0,0,0,0,0,0,0,0,0,0,0,0,0,0,0,0,0,0,1
SANTA CRISTINA I,2013,1,0,1,0,0,0,0,0,0,1,0,1,0,0,0,0,0,0,1,0,1,0,0,0,0,0,0,0,0,0,0,0,0,1,0,1,4
SANTA CRISTINA I,2014,1,0,1,0,0,0,0,0,0,0,0,0,0,0,0,0,0,0,0,0,0,0,0,0,0,0,0,0,0,0,0,0,0,0,0,0,1
SANTA CRISTINA I,2015,0,0,0,0,0,0,1,1,0,0,0,0,0,0,0,0,0,0,1,1,0,1,0,1,5,1,4,6,2,4,1,0,1,0,0,0,15
SANTA CRISTINA I,2016,0,0,0,1,0,1,0,0,0,0,0,0,0,0,0,0,0,0,0,0,0,0,0,0,0,0,0,0,0,0,0,0,0,1,0,1,2
SANTA CRISTINA I,2017,3,0,3,1,0,1,1,0,1,0,0,0,1,0,1,0,0,0,0,0,0,0,0,0,0,0,0,0,0,0,1,0,1,0,0,0,7
SANTA CRISTINA I,2018,0,0,0,0,0,0,0,0,0,0,0,0,0,0,0,0,0,0,0,0,0,0,0,0,0,0,0,0,0,0,1,0,1,2,0,2,3
SANTA CRISTINA I,2019,0,0,0,0,0,0,0,0,0,0,0,0,0,0,0,0,0,0,2,0,2,2,0,2,0,0,0,1,0,1,1,0,1,0,0,0,6
SANTA CRISTINA I,2020,2,0,2,2,0,2,0,0,0,0,0,0,0,0,0,0,0,0,0,0,0,0,0,0,0,0,0,0,0,0,0,0,0,0,0,0,4
SANTA CRISTINA I,2021,1,1,0,0,0,0,0,0,0,0,0,0,0,0,0,0,0,0,0,0,0,0,0,0,0,0,0,0,0,0,0,0,0,0,0,0,1
SANTA CRISTINA I,2022,0,0,0,0,0,0,0,0,0,0,0,0,0,0,0,1,0,1,0,0,0,0,0,0,1,0,1,0,0,0,0,0,0,1,1,0,3
SANTA CRISTINA I,2024,0,0,0,0,0,0,1,0,1,0,0,0,0,0,0,0,0,0,0,0,0,2,0,2,1,0,1,1,0,1,5,0,5,0,0,0,10
SANTA CRISTINA II,2010,0,0,0,0,0,0,0,0,0,0,0,0,0,0,0,0,0,0,0,0,0,0,0,0,1,0,1,0,0,0,0,0,0,0,0,0,1
SANTA CRISTINA II,2011,0,0,0,0,0,0,0,0,0,0,0,0,0,0,0,0,0,0,0,0,0,0,0,0,1,0,1,0,0,0,1,0,1,1,0,1,3
SANTA CRISTINA II,2012,1,0,1,0,0,0,0,0,0,0,0,0,0,0,0,0,0,0,1,0,1,0,0,0,0,0,0,0,0,0,0,0,0,0,0,0,2
SANTA CRISTINA II,2013,0,0,0,0,0,0,1,0,1,0,0,0,0,0,0,0,0,0,0,0,0,0,0,0,0,0,0,1,0,1,0,0,0,0,0,0,2
SANTA CRISTINA II,2014,1,0,1,0,0,0,0,0,0,0,0,0,0,0,0,0,0,0,1,0,1,0,0,0,0,0,0,0,0,0,0,0,0,0,0,0,2
SANTA CRISTINA II,2015,0,0,0,1,0,1,1,0,1,0,0,0,0,0,0,1,1,0,0,0,0,0,0,0,1,1,0,5,3,2,1,0,1,0,0,0,10
SANTA CRISTINA II,2016,0,0,0,0,0,0,0,0,0,0,0,0,0,0,0,0,0,0,0,0,0,0,0,0,0,0,0,1,0,1,0,0,0,1,0,1,2
SANTA CRISTINA II,2017,0,0,0,0,0,0,0,0,0,0,0,0,0,0,0,0,0,0,0,0,0,1,0,1,0,0,0,0,0,0,0,0,0,0,0,0,1
SANTA CRISTINA II,2018,0,0,0,1,0,1,0,0,0,0,0,0,0,0,0,0,0,0,0,0,0,2,0,2,1,0,1,2,0,2,5,0,5,0,0,0,11
SANTA CRISTINA II,2019,0,0,0,0,0,0,0,0,0,0,0,0,1,0,1,0,0,0,0,0,0,3,0,3,9,0,9,2,0,2,3,0,3,0,0,0,18
SANTA CRISTINA II,2020,0,0,0,1,0,1,0,0,0,0,0,0,0,0,0,0,0,0,0,0,0,0,0,0,0,0,0,0,0,0,1,0,1,1,0,1,3
SANTA CRISTINA II,2022,0,0,0,0,0,0,0,0,0,0,0,0,0,0,0,0,0,0,0,0,0,1,0,1,0,0,0,2,0,2,1,0,1,0,0,0,4
SANTA CRISTINA II,2023,0,0,0,1,0,1,0,0,0,0,0,0,0,0,0,0,0,0,0,0,0,0,0,0,0,0,0,0,0,0,0,0,0,0,0,0,1
SANTA CRISTINA II,2024,0,0,0,0,0,0,0,0,0,0,0,0,0,0,0,0,0,0,0,0,0,0,0,0,1,0,1,2,0,2,2,0,2,4,0,4,9
SANTA CRUZ I,2010,0,0,0,0,0,0,0,0,0,0,0,0,0,0,0,0,0,0,0,0,0,1,0,1,1,0,1,1,0,1,0,0,0,0,0,0,3
SANTA CRUZ I,2011,2,0,2,0,0,0,1,0,1,0,0,0,0,0,0,0,0,0,0,0,0,2,0,2,0,0,0,0,0,0,0,0,0,0,0,0,5
SANTA CRUZ I,2012,0,0,0,0,0,0,0,0,0,1,0,1,0,0,0,0,0,0,0,0,0,0,0,0,1,0,1,2,0,2,0,0,0,0,0,0,4
SANTA CRUZ I,2013,0,0,0,0,0,0,0,0,0,0,0,0,0,0,0,0,0,0,0,0,0,5,0,5,0,0,0,0,0,0,1,0,1,0,0,0,6
SANTA CRUZ I,2014,0,0,0,0,0,0,0,0,0,1,0,1,0,0,0,0,0,0,0,0,0,0,0,0,1,0,1,2,0,2,0,0,0,0,0,0,4
SANTA CRUZ I,2015,1,0,1,0,0,0,0,0,0,0,0,0,0,0,0,0,0,0,4,3,1,2,1,1,4,4,0,6,5,1,6,3,3,0,0,0,23
SANTA CRUZ I,2016,0,0,0,0,0,0,0,0,0,0,0,0,0,0,0,0,0,0,0,0,0,1,0,1,1,0,1,3,0,3,2,0,2,0,0,0,7
SANTA CRUZ I,2017,3,0,3,1,0,1,0,0,0,0,0,0,0,0,0,0,0,0,0,0,0,2,0,2,0,0,0,0,0,0,2,0,2,0,0,0,8
SANTA CRUZ I,2018,0,0,0,0,0,0,0,0,0,0,0,0,0,0,0,0,0,0,1,0,1,0,0,0,0,0,0,0,0,0,0,0,0,0,0,0,1
SANTA CRUZ I,2019,0,0,0,0,0,0,0,0,0,0,0,0,0,0,0,1,0,1,3,0,3,1,0,1,6,0,6,8,0,8,2,0,2,0,0,0,21
SANTA CRUZ I,2020,1,0,1,0,0,0,0,0,0,0,0,0,0,0,0,0,0,0,0,0,0,0,0,0,0,0,0,0,0,0,0,0,0,0,0,0,1
SANTA CRUZ I,2021,2,2,0,1,1,0,0,0,0,0,0,0,0,0,0,0,0,0,0,0,0,0,0,0,0,0,0,0,0,0,0,0,0,0,0,0,3
SANTA CRUZ I,2022,0,0,0,0,0,0,0,0,0,1,0,1,0,0,0,0,0,0,0,0,0,0,0,0,0,0,0,1,0,1,0,0,0,1,0,1,3
SANTA CRUZ I,2024,0,0,0,0,0,0,0,0,0,0,0,0,0,0,0,0,0,0,0,0,0,0,0,0,1,0,1,1,0,1,3,0,3,3,0,3,8
SANTA CRUZ II,2010,0,0,0,0,0,0,0,0,0,0,0,0,0,0,0,0,0,0,0,0,0,0,0,0,1,0,1,0,0,0,0,0,0,0,0,0,1
SANTA CRUZ II,2011,0,0,0,0,0,0,1,0,1,0,0,0,0,0,0,0,0,0,0,0,0,0,0,0,0,0,0,0,0,0,0,0,0,0,0,0,1
SANTA CRUZ II,2012,0,0,0,0,0,0,1,0,1,0,0,0,0,0,0,0,0,0,1,0,1,1,0,1,1,0,1,1,0,1,0,0,0,0,0,0,5
SANTA CRUZ II,2013,0,0,0,0,0,0,0,0,0,0,0,0,0,0,0,0,0,0,2,0,2,0,0,0,1,0,1,0,0,0,0,0,0,0,0,0,3
SANTA CRUZ II,2014,0,0,0,0,0,0,1,0,1,0,0,0,0,0,0,0,0,0,1,0,1,1,0,1,1,0,1,1,0,1,0,0,0,0,0,0,5
SANTA CRUZ II,2015,1,1,0,0,0,0,1,1,0,1,0,1,0,0,0,2,1,1,3,0,3,1,0,1,0,0,0,2,0,2,1,0,1,0,0,0,12
SANTA CRUZ II,2016,0,0,0,1,0,1,0,0,0,0,0,0,0,0,0,0,0,0,0,0,0,0,0,0,0,0,0,1,0,1,0,0,0,0,0,0,2
SANTA CRUZ II,2017,0,0,0,0,0,0,0,0,0,0,0,0,1,0,1,0,0,0,0,0,0,1,0,1,1,0,1,0,0,0,0,0,0,1,0,1,4
SANTA CRUZ II,2019,0,0,0,0,0,0,0,0,0,0,0,0,0,0,0,0,0,0,4,0,4,5,0,5,7,0,7,3,0,3,1,0,1,0,0,0,20
SANTA CRUZ II,2020,1,0,1,0,0,0,0,0,0,0,0,0,0,0,0,0,0,0,0,0,0,0,0,0,0,0,0,0,0,0,2,0,2,3,0,3,6
SANTA CRUZ II,2021,3,1,2,1,0,1,0,0,0,0,0,0,0,0,0,0,0,0,0,0,0,0,0,0,0,0,0,0,0,0,0,0,0,0,0,0,4
SANTA CRUZ II,2022,0,0,0,0,0,0,0,0,0,0,0,0,0,0,0,0,0,0,0,0,0,0,0,0,1,0,1,1,0,1,0,0,0,0,0,0,2
SANTA CRUZ II,2023,1,0,1,1,0,1,0,0,0,0,0,0,0,0,0,0,0,0,0,0,0,0,0,0,0,0,0,1,0,1,0,0,0,0,0,0,3
SANTA CRUZ II,2024,0,0,0,0,0,0,0,0,0,0,0,0,0,0,0,0,0,0,0,0,0,0,0,0,0,0,0,0,0,0,1,0,1,0,0,0,1
SANTA FE,2010,0,0,0,0,0,0,0,0,0,0,0,0,0,0,0,0,0,0,0,0,0,0,0,0,0,0,0,1,0,1,0,0,0,1,0,1,2
SANTA FE,2011,4,0,4,1,0,1,2,0,2,3,0,3,0,0,0,0,0,0,0,0,0,1,0,1,0,0,0,0,0,0,0,0,0,0,0,0,11
SANTA FE,2012,0,0,0,0,0,0,1,0,1,0,0,0,0,0,0,0,0,0,4,0,4,3,0,3,1,0,1,1,0,1,0,0,0,0,0,0,10
SANTA FE,2013,0,0,0,0,0,0,0,0,0,0,0,0,0,0,0,0,0,0,0,0,0,1,0,1,1,0,1,0,0,0,0,0,0,0,0,0,2
SANTA FE,2014,0,0,0,0,0,0,1,0,1,0,0,0,0,0,0,0,0,0,4,0,4,3,0,3,1,0,1,1,0,1,0,0,0,0,0,0,10
SANTA FE,2015,0,0,0,0,0,0,0,0,0,0,0,0,0,0,0,0,0,0,0,0,0,0,0,0,3,2,1,4,1,3,1,1,0,0,0,0,8
SANTA FE,2016,1,0,1,0,0,0,0,0,0,0,0,0,0,0,0,0,0,0,0,0,0,0,0,0,0,0,0,0,0,0,0,0,0,0,0,0,1
SANTA FE,2017,1,0,1,0,0,0,0,0,0,0,0,0,0,0,0,0,0,0,0,0,0,0,0,0,0,0,0,1,0,1,0,0,0,1,0,1,3
SANTA FE,2018,0,0,0,0,0,0,0,0,0,0,0,0,1,0,1,0,0,0,0,0,0,0,0,0,3,0,3,0,0,0,0,0,0,5,0,5,9
SANTA FE,2019,2,0,2,2,0,2,1,0,1,0,0,0,1,0,1,0,0,0,3,0,3,12,0,12,27,0,27,10,0,10,11,0,11,0,0,0,69
SANTA FE,2020,1,0,1,1,0,1,0,0,0,0,0,0,0,0,0,0,0,0,0,0,0,0,0,0,0,0,0,0,0,0,0,0,0,0,0,0,2
SANTA FE,2021,1,1,0,0,0,0,1,1,0,0,0,0,0,0,0,0,0,0,0,0,0,0,0,0,0,0,0,0,0,0,0,0,0,0,0,0,2
SANTA FE,2023,1,0,1,0,0,0,0,0,0,0,0,0,0,0,0,0,0,0,0,0,0,1,0,1,2,0,2,2,0,2,3,0,3,1,0,1,10
SANTA FE,2024,1,0,1,0,0,0,0,0,0,0,0,0,0,0,0,0,0,0,0,0,0,2,0,2,0,0,0,1,0,1,1,0,1,1,0,1,6
SANTA LUCIA (SAN JUAN II),2010,0,0,0,0,0,0,0,0,0,0,0,0,0,0,0,0,0,0,0,0,0,0,0,0,0,0,0,2,0,2,1,0,1,0,0,0,3
SANTA LUCIA (SAN JUAN II),2011,0,0,0,0,0,0,0,0,0,0,0,0,0,0,0,0,0,0,0,0,0,3,0,3,0,0,0,0,0,0,0,0,0,0,0,0,3
SANTA LUCIA (SAN JUAN II),2012,0,0,0,0,0,0,0,0,0,0,0,0,0,0,0,0,0,0,0,0,0,0,0,0,1,0,1,1,0,1,1,0,1,1,0,1,4
SANTA LUCIA (SAN JUAN II),2013,0,0,0,1,0,1,0,0,0,0,0,0,0,0,0,0,0,0,0,0,0,1,0,1,1,0,1,0,0,0,0,0,0,0,0,0,3
SANTA LUCIA (SAN JUAN II),2014,0,0,0,0,0,0,0,0,0,0,0,0,0,0,0,0,0,0,0,0,0,0,0,0,1,0,1,1,0,1,1,0,1,1,0,1,4
SANTA LUCIA (SAN JUAN II),2015,0,0,0,1,1,0,1,0,1,0,0,0,0,0,0,0,0,0,2,2,0,4,1,3,7,5,2,12,4,8,4,3,1,1,0,1,32
SANTA LUCIA (SAN JUAN II),2016,2,0,2,0,0,0,1,0,1,0,0,0,0,0,0,0,0,0,0,0,0,1,0,1,0,0,0,1,0,1,0,0,0,0,0,0,5
SANTA LUCIA (SAN JUAN II),2017,0,0,0,1,0,1,0,0,0,0,0,0,0,0,0,1,0,1,1,0,1,3,0,3,1,0,1,1,0,1,2,0,2,0,0,0,10
SANTA LUCIA (SAN JUAN II),2018,0,0,0,0,0,0,0,0,0,0,0,0,0,0,0,0,0,0,0,0,0,0,0,0,1,0,1,4,0,4,3,0,3,1,0,1,9
SANTA LUCIA (SAN JUAN II),2019,2,0,2,0,0,0,0,0,0,1,0,1,0,0,0,0,0,0,1,0,1,4,0,4,20,0,20,7,0,7,3,0,3,3,1,2,41
SANTA LUCIA (SAN JUAN II),2020,1,0,1,1,0,1,1,0,1,0,0,0,0,0,0,0,0,0,0,0,0,1,0,1,0,0,0,0,0,0,0,0,0,0,0,0,4
SANTA LUCIA (SAN JUAN II),2021,0,0,0,2,2,0,0,0,0,0,0,0,0,0,0,0,0,0,1,0,1,0,0,0,0,0,0,0,0,0,0,0,0,1,1,0,4
SANTA LUCIA (SAN JUAN II),2022,0,0,0,0,0,0,0,0,0,0,0,0,0,0,0,0,0,0,0,0,0,0,0,0,2,0,2,0,0,0,1,0,1,0,0,0,3
SANTA LUCIA (SAN JUAN II),2023,0,0,0,0,0,0,0,0,0,0,0,0,0,0,0,0,0,0,0,0,0,0,0,0,0,0,0,0,0,0,0,0,0,1,0,1,1
SANTA MARIA (BARANGAY 20),2010,0,0,0,0,0,0,0,0,0,0,0,0,0,0,0,0,0,0,0,0,0,0,0,0,2,0,2,0,0,0,1,0,1,2,0,2,5
SANTA MARIA (BARANGAY 20),2011,0,0,0,0,0,0,0,0,0,0,0,0,0,0,0,0,0,0,0,0,0,0,0,0,0,0,0,0,0,0,0,0,0,1,0,1,1
SANTA MARIA (BARANGAY 20),2012,0,0,0,0,0,0,0,0,0,0,0,0,0,0,0,0,0,0,0,0,0,0,0,0,1,0,1,2,0,2,1,0,1,1,0,1,5
SANTA MARIA (BARANGAY 20),2013,1,0,1,1,0,1,0,0,0,0,0,0,0,0,0,0,0,0,0,0,0,0,0,0,1,0,1,0,0,0,0,0,0,1,0,1,4
SANTA MARIA (BARANGAY 20),2014,0,0,0,0,0,0,0,0,0,0,0,0,0,0,0,0,0,0,0,0,0,0,0,0,1,0,1,2,0,2,1,0,1,1,0,1,5
SANTA MARIA (BARANGAY 20),2015,1,1,0,0,0,0,0,0,0,0,0,0,0,0,0,0,0,0,2,1,1,7,5,2,7,1,6,8,5,3,2,2,0,0,0,0,27
SANTA MARIA (BARANGAY 20),2016,1,0,1,1,0,1,0,0,0,0,0,0,0,0,0,0,0,0,0,0,0,0,0,0,1,0,1,3,0,3,6,0,6,3,0,3,15
SANTA MARIA (BARANGAY 20),2017,0,0,0,0,0,0,0,0,0,0,0,0,0,0,0,1,0,1,1,0,1,0,0,0,2,0,2,2,0,2,1,0,1,4,0,4,11
SANTA MARIA (BARANGAY 20),2018,0,0,0,0,0,0,0,0,0,0,0,0,0,0,0,0,0,0,0,0,0,0,0,0,0,0,0,2,0,2,8,0,8,1,0,1,11
SANTA MARIA (BARANGAY 20),2019,0,0,0,0,0,0,1,0,1,1,0,1,0,0,0,0,0,0,2,0,2,11,0,11,12,0,12,10,0,10,3,0,3,3,0,3,43
SANTA MARIA (BARANGAY 20),2020,0,0,0,1,0,1,0,0,0,0,0,0,0,0,0,0,0,0,0,0,0,0,0,0,0,0,0,0,0,0,0,0,0,0,0,0,1
SANTA MARIA (BARANGAY 20),2021,0,0,0,0,0,0,2,2,0,0,0,0,1,0,1,0,0,0,0,0,0,1,0,1,0,0,0,1,0,1,11,3,8,1,1,0,17
SANTA MARIA (BARANGAY 20),2022,0,0,0,0,0,0,0,0,0,0,0,0,0,0,0,0,0,0,0,0,0,1,0,1,0,0,0,0,0,0,0,0,0,0,0,0,1
SANTA MARIA (BARANGAY 20),2023,0,0,0,0,0,0,0,0,0,0,0,0,0,0,0,0,0,0,0,0,0,0,0,0,0,0,0,0,0,0,1,0,1,0,0,0,1
SANTO CRISTO (BARANGAY III),2010,0,0,0,0,0,0,0,0,0,0,0,0,0,0,0,0,0,0,0,0,0,0,0,0,1,0,1,1,0,1,0,0,0,0,0,0,2
SANTO CRISTO (BARANGAY III),2011,0,0,0,0,0,0,0,0,0,0,0,0,0,0,0,0,0,0,0,0,0,0,0,0,1,0,1,0,0,0,0,0,0,0,0,0,1
SANTO CRISTO (BARANGAY III),2012,0,0,0,0,0,0,0,0,0,0,0,0,0,0,0,0,0,0,0,0,0,0,0,0,0,0,0,1,0,1,0,0,0,0,0,0,1
SANTO CRISTO (BARANGAY III),2013,0,0,0,0,0,0,0,0,0,0,0,0,0,0,0,1,0,1,1,0,1,1,0,1,1,0,1,0,0,0,0,0,0,0,0,0,4
SANTO CRISTO (BARANGAY III),2014,0,0,0,0,0,0,0,0,0,0,0,0,0,0,0,0,0,0,0,0,0,0,0,0,0,0,0,1,0,1,0,0,0,0,0,0,1
SANTO CRISTO (BARANGAY III),2015,0,0,0,0,0,0,0,0,0,0,0,0,1,1,0,0,0,0,0,0,0,0,0,0,4,2,2,4,2,2,2,1,1,2,1,1,13
SANTO CRISTO (BARANGAY III),2016,0,0,0,1,0,1,0,0,0,0,0,0,0,0,0,0,0,0,1,0,1,1,0,1,0,0,0,1,0,1,0,0,0,1,0,1,5
SANTO CRISTO (BARANGAY III),2017,0,0,0,0,0,0,2,0,2,0,0,0,0,0,0,0,0,0,0,0,0,0,0,0,0,0,0,0,0,0,0,0,0,0,0,0,2
SANTO CRISTO (BARANGAY III),2018,0,0,0,0,0,0,0,0,0,0,0,0,0,0,0,0,0,0,0,0,0,0,0,0,2,0,2,4,0,4,4,0,4,0,0,0,10
SANTO CRISTO (BARANGAY III),2019,0,0,0,1,0,1,0,0,0,0,0,0,0,0,0,0,0,0,1,0,1,3,0,3,4,0,4,2,0,2,3,0,3,3,0,3,17
SANTO CRISTO (BARANGAY III),2020,1,0,1,0,0,0,1,0,1,0,0,0,0,0,0,0,0,0,0,0,0,0,0,0,0,0,0,0,0,0,0,0,0,0,0,0,2
SANTO CRISTO (BARANGAY III),2021,2,2,0,4,2,2,2,0,2,0,0,0,1,0,1,1,0,1,0,0,0,0,0,0,0,0,0,0,0,0,0,0,0,0,0,0,10
SANTO CRISTO (BARANGAY III),2022,0,0,0,1,0,1,0,0,0,0,0,0,0,0,0,0,0,0,0,0,0,0,0,0,1,0,1,0,0,0,0,0,0,0,0,0,2
SANTO CRISTO (BARANGAY III),2023,0,0,0,0,0,0,0,0,0,0,0,0,0,0,0,0,0,0,0,0,0,0,0,0,0,0,0,0,0,0,1,0,1,0,0,0,1
SANTO NIÑO I,2010,0,0,0,0,0,0,0,0,0,0,0,0,0,0,0,0,0,0,0,0,0,4,0,4,2,0,2,0,0,0,0,0,0,0,0,0,6
SANTO NIÑO I,2011,0,0,0,0,0,0,0,0,0,0,0,0,0,0,0,0,0,0,0,0,0,1,0,1,0,0,0,0,0,0,0,0,0,0,0,0,1
SANTO NIÑO I,2012,1,0,1,0,0,0,0,0,0,0,0,0,0,0,0,0,0,0,0,0,0,0,0,0,0,0,0,0,0,0,0,0,0,0,0,0,1
SANTO NIÑO I,2013,0,0,0,0,0,0,0,0,0,0,0,0,0,0,0,0,0,0,2,0,2,0,0,0,0,0,0,0,0,0,1,0,1,0,0,0,3
SANTO NIÑO I,2014,1,0,1,0,0,0,0,0,0,0,0,0,0,0,0,0,0,0,0,0,0,0,0,0,0,0,0,0,0,0,0,0,0,0,0,0,1
SANTO NIÑO I,2015,0,0,0,0,0,0,0,0,0,0,0,0,0,0,0,0,0,0,2,1,1,2,2,0,1,1,0,4,3,1,2,2,0,0,0,0,11
SANTO NIÑO I,2016,0,0,0,1,0,1,0,0,0,0,0,0,0,0,0,0,0,0,0,0,0,0,0,0,0,0,0,0,0,0,0,0,0,0,0,0,1
SANTO NIÑO I,2017,0,0,0,0,0,0,0,0,0,0,0,0,0,0,0,0,0,0,0,0,0,1,0,1,0,0,0,0,0,0,1,0,1,0,0,0,2
SANTO NIÑO I,2018,2,0,2,0,0,0,0,0,0,0,0,0,0,0,0,0,0,0,0,0,0,0,0,0,0,0,0,2,0,2,5,0,5,3,0,3,12
SANTO NIÑO I,2019,2,0,2,0,0,0,1,0,1,0,0,0,0,0,0,0,0,0,2,0,2,2,0,2,3,0,3,1,0,1,4,0,4,0,0,0,15
SANTO NIÑO I,2020,0,0,0,0,0,0,0,0,0,0,0,0,0,0,0,0,0,0,0,0,0,0,0,0,0,0,0,0,0,0,0,0,0,1,0,1,1
SANTO NIÑO I,2021,1,1,0,1,1,0,0,0,0,0,0,0,0,0,0,0,0,0,0,0,0,0,0,0,0,0,0,0,0,0,0,0,0,1,1,0,3
SANTO NIÑO I,2022,0,0,0,0,0,0,0,0,0,0,0,0,0,0,0,0,0,0,0,0,0,1,0,1,0,0,0,1,0,1,0,0,0,0,0,0,2
SANTO NIÑO I,2023,0,0,0,0,0,0,0,0,0,0,0,0,1,0,1,0,0,0,0,0,0,0,0,0,0,0,0,0,0,0,0,0,0,0,0,0,1
SANTO NIÑO I,2024,2,0,2,0,0,0,0,0,0,1,0,1,0,0,0,0,0,0,0,0,0,0,0,0,1,0,1,1,0,1,3,0,3,2,0,2,10
SANTO NIÑO II,2010,0,0,0,0,0,0,0,0,0,0,0,0,0,0,0,0,0,0,0,0,0,1,0,1,3,0,3,0,0,0,0,0,0,0,0,0,4
SANTO NIÑO II,2011,0,0,0,0,0,0,0,0,0,0,0,0,0,0,0,0,0,0,0,0,0,1,0,1,0,0,0,0,0,0,1,0,1,0,0,0,2
SANTO NIÑO II,2012,0,0,0,0,0,0,0,0,0,0,0,0,1,0,1,0,0,0,1,0,1,0,0,0,0,0,0,0,0,0,0,0,0,0,0,0,2
SANTO NIÑO II,2014,0,0,0,0,0,0,0,0,0,0,0,0,1,0,1,0,0,0,1,0,1,0,0,0,0,0,0,0,0,0,0,0,0,0,0,0,2
SANTO NIÑO II,2015,0,0,0,0,0,0,0,0,0,0,0,0,0,0,0,0,0,0,1,0,1,0,0,0,3,2,1,1,0,1,1,1,0,1,1,0,7
SANTO NIÑO II,2016,1,0,1,1,0,1,0,0,0,0,0,0,0,0,0,0,0,0,1,0,1,0,0,0,0,0,0,0,0,0,0,0,0,0,0,0,3
SANTO NIÑO II,2017,1,0,1,0,0,0,0,0,0,0,0,0,0,0,0,0,0,0,0,0,0,0,0,0,0,0,0,0,0,0,2,0,2,1,0,1,4
SANTO NIÑO II,2018,1,0,1,1,0,1,0,0,0,0,0,0,0,0,0,0,0,0,0,0,0,0,0,0,0,0,0,0,0,0,2,0,2,0,0,0,4
SANTO NIÑO II,2019,1,0,1,0,0,0,0,0,0,0,0,0,0,0,0,0,0,0,1,0,1,1,0,1,4,0,4,2,0,2,0,0,0,0,0,0,9
SANTO NIÑO II,2020,0,0,0,0,0,0,0,0,0,0,0,0,0,0,0,0,0,0,0,0,0,0,0,0,0,0,0,0,0,0,2,0,2,0,0,0,2
SANTO NIÑO II,2023,0,0,0,0,0,0,0,0,0,0,0,0,0,0,0,0,0,0,0,0,0,0,0,0,0,0,0,0,0,0,1,0,1,0,0,0,1
SANTO NIÑO II,2024,0,0,0,1,0,1,0,0,0,0,0,0,0,0,0,0,0,0,0,0,0,0,0,0,0,0,0,2,0,2,1,0,1,4,0,4,8
VICTORIA REYES,2010,0,0,0,0,0,0,0,0,0,0,0,0,0,0,0,0,0,0,0,0,0,2,0,2,1,0,1,1,0,1,4,0,4,1,0,1,9
VICTORIA REYES,2011,2,0,2,2,0,2,3,0,3,2,0,2,0,0,0,1,0,1,0,0,0,0,0,0,0,0,0,0,0,0,0,0,0,0,0,0,10
VICTORIA REYES,2012,2,0,2,0,0,0,0,0,0,1,0,1,0,0,0,0,0,0,1,0,1,0,0,0,2,0,2,6,0,6,1,0,1,1,0,1,14
VICTORIA REYES,2013,0,0,0,0,0,0,0,0,0,0,0,0,0,0,0,1,0,1,2,0,2,2,0,2,1,0,1,0,0,0,0,0,0,1,0,1,7
VICTORIA REYES,2014,2,0,2,0,0,0,0,0,0,1,0,1,0,0,0,0,0,0,1,0,1,0,0,0,2,0,2,6,0,6,1,0,1,1,0,1,14
VICTORIA REYES,2015,2,1,1,3,1,2,1,0,1,0,0,0,0,0,0,0,0,0,2,2,0,8,4,4,9,5,4,10,3,7,8,6,2,2,2,0,45
VICTORIA REYES,2016,3,0,3,1,0,1,0,0,0,0,0,0,1,0,1,0,0,0,0,0,0,1,0,1,2,0,2,3,0,3,2,0,2,0,0,0,13
VICTORIA REYES,2017,0,0,0,1,0,1,0,0,0,0,0,0,0,0,0,0,0,0,0,0,0,0,0,0,2,0,2,0,0,0,0,0,0,0,0,0,3
VICTORIA REYES,2018,1,0,1,0,0,0,0,0,0,0,0,0,0,0,0,0,0,0,0,0,0,0,0,0,0,0,0,0,0,0,2,0,2,1,0,1,4
VICTORIA REYES,2019,1,0,1,2,0,2,1,0,1,2,0,2,1,0,1,2,0,2,13,0,13,39,0,39,29,0,29,4,0,4,7,0,7,3,0,3,104
VICTORIA REYES,2020,1,0,1,0,0,0,0,0,0,0,0,0,0,0,0,0,0,0,0,0,0,0,0,0,0,0,0,0,0,0,0,0,0,0,0,0,1
VICTORIA REYES,2021,1,0,1,1,1,0,0,0,0,0,0,0,0,0,0,0,0,0,0,0,0,0,0,0,0,0,0,0,0,0,0,0,0,0,0,0,2
VICTORIA REYES,2022,0,0,0,0,0,0,0,0,0,0,0,0,1,0,1,0,0,0,0,0,0,0,0,0,0,0,0,3,0,3,0,0,0,1,0,1,5
VICTORIA REYES,2023,1,0,1,0,0,0,0,0,0,0,0,0,0,0,0,0,0,0,0,0,0,0,0,0,0,0,0,0,0,0,0,0,0,1,1,0,2
VICTORIA REYES,2024,1,0,1,0,0,0,0,0,0,1,0,1,0,0,0,0,0,0,0,0,0,0,0,0,2,0,2,2,0,2,6,0,6,7,0,7,19
ZONE I,2010,0,0,0,0,0,0,0,0,0,0,0,0,0,0,0,0,0,0,0,0,0,1,0,1,2,0,2,5,0,5,1,0,1,0,0,0,9
ZONE I,2011,0,0,0,0,0,0,0,0,0,0,0,0,1,0,1,0,0,0,1,0,1,1,0,1,0,0,0,1,0,1,0,0,0,0,0,0,4
ZONE I,2019,0,0,0,0,0,0,0,0,0,0,0,0,0,0,0,0,0,0,0,0,0,0,0,0,1,0,1,0,0,0,0,0,0,0,0,0,1
ZONE I,2024,0,0,0,1,0,1,0,0,0,0,0,0,0,0,0,1,0,1,2,0,2,3,0,3,3,0,3,3,0,3,1,0,1,4,0,4,18
ZONE I-B,2010,0,0,0,0,0,0,0,0,0,0,0,0,0,0,0,0,0,0,0,0,0,2,0,2,1,0,1,1,0,1,0,0,0,0,0,0,4
ZONE I-B,2011,1,0,1,0,0,0,0,0,0,0,0,0,0,0,0,0,0,0,0,0,0,1,0,1,4,0,4,4,0,4,0,0,0,0,0,0,10
ZONE I-B,2012,0,0,0,0,0,0,0,0,0,2,0,2,1,0,1,2,0,2,2,0,2,13,0,13,10,0,10,6,0,6,0,0,0,0,0,0,36
ZONE I-B,2013,1,0,1,0,0,0,0,0,0,0,0,0,1,0,1,0,0,0,3,0,3,4,0,4,4,0,4,3,0,3,1,0,1,1,0,1,18
ZONE I-B,2014,0,0,0,0,0,0,0,0,0,2,0,2,1,0,1,2,0,2,2,0,2,13,0,13,10,0,10,6,0,6,0,0,0,0,0,0,36
ZONE I-B,2015,5,2,3,1,1,0,0,0,0,0,0,0,1,1,0,2,1,1,2,2,0,6,2,4,15,10,5,19,6,13,13,9,4,4,3,1,68
ZONE I-B,2016,2,0,2,0,0,0,2,0,2,0,0,0,0,0,0,0,0,0,2,0,2,1,0,1,1,0,1,1,0,1,1,0,1,1,0,1,11
ZONE I-B,2017,1,0,1,0,0,0,0,0,0,1,0,1,0,0,0,0,0,0,2,0,2,4,0,4,3,0,3,1,0,1,4,0,4,4,0,4,20
ZONE I-B,2018,2,0,2,2,0,2,0,0,0,0,0,0,0,0,0,2,0,2,1,0,1,2,0,2,5,0,5,7,0,7,16,0,16,8,0,8,45
ZONE I-B,2019,14,0,14,3,0,3,4,0,4,0,0,0,3,1,2,6,0,6,56,1,55,58,0,58,48,1,47,8,0,8,16,0,16,6,0,6,222
ZONE I-B,2020,6,0,6,1,0,1,1,0,1,0,0,0,0,0,0,0,0,0,0,0,0,0,0,0,0,0,0,1,0,1,2,0,2,0,0,0,11
ZONE I-B,2021,1,1,0,1,1,0,0,0,0,0,0,0,0,0,0,1,1,0,2,1,1,0,0,0,1,1,0,1,0,1,3,2,1,2,1,1,12
ZONE I-B,2022,0,0,0,0,0,0,0,0,0,0,0,0,0,0,0,1,0,1,1,0,1,3,0,3,1,0,1,0,0,0,1,0,1,0,0,0,7
ZONE I-B,2023,0,0,0,1,0,1,0,0,0,0,0,0,0,0,0,0,0,0,1,0,1,1,0,1,0,0,0,0,0,0,1,0,1,0,0,0,4
ZONE I-B,2024,0,0,0,0,0,0,0,0,0,0,0,0,0,0,0,0,0,0,1,0,1,1,0,1,0,0,0,0,0,0,1,0,1,0,0,0,3
ZONE II,2010,0,0,0,0,0,0,0,0,0,0,0,0,0,0,0,0,0,0,0,0,0,1,0,1,0,0,0,1,0,1,0,0,0,1,0,1,3
ZONE II,2011,2,0,2,2,0,2,1,0,1,0,0,0,0,0,0,0,0,0,0,0,0,0,0,0,0,0,0,0,0,0,0,0,0,0,0,0,5
ZONE II,2019,0,0,0,0,0,0,0,0,0,0,0,0,0,0,0,0,0,0,1,0,1,0,0,0,0,0,0,0,0,0,0,0,0,0,0,0,1
ZONE II,2024,1,0,1,0,0,0,0,0,0,0,0,0,0,0,0,0,0,0,0,0,0,0,0,0,0,0,0,1,0,1,1,0,1,0,0,0,3
ZONE III,2010,0,0,0,0,0,0,0,0,0,0,0,0,0,0,0,0,0,0,0,0,0,1,0,1,0,0,0,0,0,0,1,0,1,0,0,0,2
ZONE III,2011,1,0,1,0,0,0,0,0,0,0,0,0,2,0,2,2,0,2,1,0,1,0,0,0,0,0,0,0,0,0,0,0,0,0,0,0,6
ZONE III,2015,1,1,0,0,0,0,0,0,0,0,0,0,0,0,0,0,0,0,1,1,0,0,0,0,0,0,0,0,0,0,0,0,0,0,0,0,2
ZONE III,2023,0,0,0,0,0,0,0,0,0,0,0,0,0,0,0,0,0,0,0,0,0,0,0,0,0,0,0,0,0,0,1,0,1,0,0,0,1
ZONE III,2024,0,0,0,0,0,0,0,0,0,0,0,0,0,0,0,0,0,0,0,0,0,2,0,2,1,0,1,2,0,2,3,0,3,2,0,2,10
ZONE IV,2010,0,0,0,0,0,0,0,0,0,0,0,0,0,0,0,0,0,0,0,0,0,0,0,0,2,0,2,3,0,3,0,0,0,0,0,0,5
ZONE IV,2011,0,0,0,1,0,1,0,0,0,1,0,1,0,0,0,0,0,0,0,0,0,0,0,0,0,0,0,0,0,0,0,0,0,0,0,0,2
ZONE IV,2013,0,0,0,0,0,0,0,0,0,0,0,0,0,0,0,0,0,0,0,0,0,0,0,0,0,0,0,1,0,1,0,0,0,0,0,0,1
ZONE IV,2015,0,0,0,0,0,0,0,0,0,0,0,0,0,0,0,0,0,0,0,0,0,0,0,0,1,0,1,0,0,0,0,0,0,0,0,0,1
ZONE IV,2019,0,0,0,0,0,0,0,0,0,0,0,0,0,0,0,0,0,0,1,0,1,0,0,0,0,0,0,0,0,0,0,0,0,0,0,0,1
ZONE IV,2023,0,0,0,0,0,0,0,0,0,0,0,0,0,0,0,0,0,0,1,0,1,0,0,0,0,0,0,0,0,0,0,0,0,0,0,0,1
ZONE IV,2024,0,0,0,0,0,0,0,0,0,0,0,0,0,0,0,0,0,0,2,0,2,0,0,0,1,0,1,3,0,3,6,0,6,3,0,3,15
