YEAR,MONTH,BARANGAY_ID,Predicted_Cases,Predicted_Risk
2025,1,0,4.37,Low
2025,2,0,5.01,Medium
2025,3,0,5.48,Medium
2025,4,0,5.8,Medium
2025,5,0,6.66,Medium
2025,6,0,8.64,Medium
2025,7,0,11.36,High
2025,8,0,8.65,High
2025,9,0,9.97,Medium
2025,10,0,11.42,High
2025,11,0,3.66,Medium
2025,12,0,3.47,Low
2026,1,0,5.08,Low
2026,2,0,6.04,Medium
2026,3,0,6.38,Medium
2026,4,0,7.45,Medium
2025,1,1,3.83,Medium
2025,2,1,3.47,Low
2025,3,1,4.68,Low
2025,4,1,5.4,Medium
2025,5,1,5.94,Medium
2025,6,1,6.66,Medium
2025,7,1,9.7,Medium
2025,8,1,10.85,High
2025,9,1,8.16,High
2025,10,1,9.02,Medium
2025,11,1,9.61,High
2025,12,1,10.12,High
2026,1,1,9.29,Medium
2026,2,1,9.34,High
2026,3,1,8.13,High
2026,4,1,7.39,Medium
2026,5,1,9.4,Medium
2025,1,2,2.29,Low
2025,2,2,2.8,Low
2025,3,2,2.91,Low
2025,4,2,3.04,Low
2025,5,2,3.76,Low
2025,6,2,3.68,Medium
2025,7,2,4.11,Low
2025,8,2,5.04,Medium
2025,9,2,5.34,Medium
2025,10,2,5.85,Medium
2025,11,2,6.22,Medium
2025,12,2,7.41,Medium
2026,1,2,7.87,Medium
2026,2,2,8.09,Medium
2026,3,2,7.46,High
2026,4,2,7.01,Medium
2026,5,2,7.93,Medium
2025,1,3,15.93,High
2025,2,3,6.02,Medium
2025,3,3,3.11,Low
2025,4,3,4.13,Low
2025,5,3,5.41,Medium
2025,6,3,5.77,Medium
2025,7,3,6.55,Medium
2025,8,3,7.23,Medium
2025,9,3,8.31,Medium
2025,10,3,10.1,High
2025,11,3,8.14,High
2025,12,3,8.93,Medium
2026,1,3,10.13,High
2026,2,3,8.81,Medium
2026,3,3,8.48,Medium
2026,4,3,7.93,High
2026,5,3,9.74,High
2025,1,4,1.06,Low
2025,2,4,2.14,Low
2025,3,4,2.96,Low
2025,4,4,2.73,Low
2025,5,4,2.37,Low
2025,6,4,2.94,Low
2025,7,4,3.09,Medium
2025,8,4,3.73,Medium
2025,9,4,3.47,Medium
2025,10,4,3.23,Low
2025,11,4,3.31,Low
2025,12,4,3.25,Low
2026,1,4,2.79,Low
2026,2,4,2.69,Low
2026,3,4,2.6,Low
2026,4,4,2.54,Low
2026,5,4,2.25,Low
2025,1,5,0.76,Low
2025,2,5,3.34,Low
2025,3,5,5.89,Medium
2025,4,5,4.96,Medium
2025,5,5,4.63,Medium
2025,6,5,4.51,Medium
2025,7,5,5.02,Medium
2025,8,5,6.17,Medium
2025,9,5,6.51,Medium
2025,10,5,7.62,Medium
2025,11,5,8.4,Medium
2025,12,5,9.29,High
2026,1,5,10.03,High
2026,2,5,8.37,Medium
2026,3,5,8.33,Medium
2026,4,5,7.37,High
2026,5,5,9.42,Medium
2025,1,6,2.55,Low
2025,2,6,2.48,Low
2025,3,6,2.27,Low
2025,4,6,2.22,Low
2025,5,6,2.1,Low
2025,6,6,2.08,Low
2025,7,6,2.15,Low
2025,8,6,2.13,Low
2025,9,6,2.12,Low
2025,10,6,2.11,Low
2025,11,6,2.06,Low
2025,12,6,2.03,Low
2026,1,6,2.04,Low
2026,2,6,2.03,Low
2026,3,6,2.02,Low
2026,4,6,2.04,Low
2026,5,6,1.99,Low
2025,1,7,4.13,Medium
2025,2,7,3.72,Medium
2025,3,7,3.39,Low
2025,4,7,3.47,Low
2025,5,7,3.87,Low
2025,6,7,4.64,Medium
2025,7,7,5.28,Medium
2025,8,7,5.46,Medium
2025,9,7,4.47,Medium
2025,10,7,4.14,Medium
2025,11,7,4.13,Medium
2025,12,7,3.55,Medium
2026,1,7,3.19,Low
2026,2,7,3.17,Low
2026,3,7,3.01,Low
2026,4,7,3.07,Low
2026,5,7,3.32,Low
2025,1,8,0.45,Low
2025,2,8,0.94,Low
2025,3,8,1.77,Low
2025,4,8,2.15,Low
2025,5,8,2.32,Low
2025,6,8,2.76,Low
2025,7,8,2.93,Low
2025,8,8,3.23,Low
2025,9,8,3.48,Low
2025,10,8,3.76,Medium
2025,11,8,4.23,Medium
2025,12,8,4.59,Medium
2026,1,8,5.11,Medium
2026,2,8,5.55,Medium
2026,3,8,5.87,Medium
2026,4,8,6.44,Medium
2026,5,8,8.78,Medium
2025,1,9,2.47,Low
2025,2,9,2.9,Low
2025,3,9,3.39,Low
2025,4,9,3.58,Medium
2025,5,9,3.92,Medium
2025,6,9,4.26,Medium
2025,7,9,5.12,Medium
2025,8,9,5.51,Medium
2025,9,9,5.67,Medium
2025,10,9,5.15,Medium
2025,11,9,4.98,Medium
2025,12,9,4.68,Medium
2026,1,9,5.0,Medium
2026,2,9,6.0,Medium
2026,3,9,6.0,Medium
2026,4,9,5.71,Medium
2026,5,9,6.0,Medium
2025,1,10,4.06,Medium
2025,2,10,3.57,Low
2025,3,10,4.06,Low
2025,4,10,5.59,Medium
2025,5,10,6.22,Medium
2025,6,10,8.04,Medium
2025,7,10,11.03,High
2025,8,10,8.64,High
2025,9,10,9.81,Medium
2025,10,10,11.37,High
2025,11,10,8.47,Medium
2025,12,10,9.03,Medium
2026,1,10,9.93,High
2026,2,10,10.27,High
2026,3,10,9.36,Medium
2026,4,10,8.38,High
2026,5,10,10.34,High
2025,1,11,6.52,Medium
2025,2,11,3.17,Low
2025,3,11,3.02,Low
2025,4,11,3.43,Low
2025,5,11,4.35,Medium
2025,6,11,5.13,Medium
2025,7,11,5.58,Medium
2025,8,11,5.84,Medium
2025,9,11,6.68,Medium
2025,10,11,8.05,Medium
2025,11,11,8.98,High
2025,12,11,9.51,High
2026,1,11,10.42,High
2026,2,11,9.02,Medium
2026,3,11,9.01,High
2026,4,11,8.36,High
2026,5,11,10.33,High
2025,1,12,8.35,High
2025,2,12,4.07,Medium
2025,3,12,2.19,Low
2025,4,12,2.75,Low
2025,5,12,3.94,Low
2025,6,12,4.38,Medium
2025,7,12,5.31,Medium
2025,8,12,5.57,Medium
2025,9,12,5.94,Medium
2025,10,12,6.53,Medium
2025,11,12,7.84,Medium
2025,12,12,8.27,Medium
2026,1,12,9.78,High
2026,2,12,10.31,High
2026,3,12,8.96,Medium
2026,4,12,8.22,High
2026,5,12,10.22,High
2025,1,13,1.59,Low
2025,2,13,1.39,Low
2025,3,13,1.22,Low
2025,4,13,1.18,Low
2025,5,13,0.97,Low
2025,6,13,1.32,Low
2025,7,13,1.65,Low
2025,8,13,1.67,Low
2025,9,13,1.93,Low
2025,10,13,1.91,Low
2025,11,13,2.13,Low
2025,12,13,2.4,Low
2026,1,13,2.63,Low
2026,2,13,2.83,Low
2026,3,13,2.99,Low
2026,4,13,3.28,Low
2026,5,13,3.92,Medium
2025,1,14,0.07,Low
2025,2,14,2.73,Low
2025,3,14,13.78,Low
2025,4,14,25.0,High
2025,5,14,25.0,High
2025,6,14,25.0,High
2025,7,14,9.63,Medium
2025,8,14,3.48,Low
2025,9,14,1.92,Low
2025,10,14,2.71,Low
2025,11,14,3.37,Medium
2025,12,14,4.06,Medium
2026,1,14,4.49,Medium
2026,2,14,4.39,Medium
2026,3,14,4.08,Medium
2026,4,14,3.79,Medium
2026,5,14,3.92,Low
2025,1,15,4.49,Medium
2025,2,15,3.97,Medium
2025,3,15,3.44,Low
2025,4,15,3.13,Low
2025,5,15,3.46,Low
2025,6,15,4.8,Medium
2025,7,15,5.54,Medium
2025,8,15,5.7,Medium
2025,9,15,4.84,Medium
2025,10,15,4.45,Medium
2025,11,15,4.42,Medium
2025,12,15,3.65,Medium
2026,1,15,3.08,Low
2026,2,15,3.09,Low
2026,3,15,2.97,Low
2026,4,15,2.86,Low
2026,5,15,2.85,Low
2025,1,16,5.51,Medium
2025,2,16,5.08,Medium
2025,3,16,4.66,Medium
2025,4,16,4.31,Medium
2025,5,16,5.27,Medium
2025,6,16,6.73,Medium
2025,7,16,8.75,Medium
2025,8,16,9.09,High
2025,9,16,10.54,High
2025,10,16,8.26,Medium
2025,11,16,9.46,Medium
2025,12,16,10.48,High
2026,1,16,9.04,Medium
2026,2,16,9.07,High
2026,3,16,7.64,High
2026,4,16,6.7,Medium
2026,5,16,9.09,Medium
2025,1,17,10.33,High
2025,2,17,3.6,Low
2025,3,17,1.83,Low
2025,4,17,2.74,Low
2025,5,17,4.49,Low
2025,6,17,5.25,Medium
2025,7,17,5.51,Medium
2025,8,17,5.9,Medium
2025,9,17,6.38,Medium
2025,10,17,7.8,Medium
2025,11,17,8.54,Medium
2025,12,17,9.51,High
2026,1,17,10.24,High
2026,2,17,9.03,Medium
2026,3,17,9.09,High
2026,4,17,8.63,High
2026,5,17,10.31,High
2025,1,18,5.85,Medium
2025,2,18,4.58,Low
2025,3,18,4.82,Medium
2025,4,18,5.94,Medium
2025,5,18,6.86,Medium
2025,6,18,9.1,Medium
2025,7,18,11.63,High
2025,8,18,8.76,High
2025,9,18,10.25,Medium
2025,10,18,3.72,Medium
2025,11,18,4.22,Low
2025,12,18,6.48,Medium
2026,1,18,7.7,Medium
2026,2,18,8.05,Medium
2026,3,18,9.62,High
2026,4,18,10.16,High
2026,5,18,13.58,High
2025,1,19,1.19,Low
2025,2,19,1.52,Low
2025,3,19,1.62,Low
2025,4,19,1.74,Low
2025,5,19,1.77,Low
2025,6,19,1.76,Low
2025,7,19,1.8,Low
2025,8,19,1.82,Low
2025,9,19,1.82,Low
2025,10,19,1.77,Low
2025,11,19,1.8,Low
2025,12,19,1.77,Low
2026,1,19,1.75,Low
2026,2,19,1.78,Low
2026,3,19,1.75,Low
2026,4,19,1.77,Low
2026,5,19,1.76,Low
2025,1,20,1.01,Low
2025,2,20,0.94,Low
2025,3,20,1.02,Low
2025,4,20,1.52,Low
2025,5,20,1.66,Low
2025,6,20,1.73,Low
2025,7,20,1.88,Low
2025,8,20,2.06,Low
2025,9,20,2.47,Low
2025,10,20,2.61,Low
2025,11,20,3.09,Low
2025,12,20,3.6,Medium
2026,1,20,3.63,Medium
2026,2,20,3.78,Low
2026,3,20,4.86,Medium
2026,4,20,5.3,Medium
2026,5,20,5.7,Medium
2025,1,21,20.48,High
2025,2,21,8.72,Medium
2025,3,21,5.15,Medium
2025,4,21,11.09,Low
2025,5,21,20.95,High
2025,6,21,40.77,High
2025,7,21,13.38,High
2025,8,21,2.34,Low
2025,9,21,1.14,Low
2025,10,21,2.21,Low
2025,11,21,3.41,Low
2025,12,21,3.56,Low
2026,1,21,4.57,Medium
2026,2,21,4.87,Medium
2026,3,21,5.22,Medium
2026,4,21,6.49,Medium
2026,5,21,7.99,Medium
2025,1,22,4.53,Low
2025,2,22,5.02,Medium
2025,3,22,5.48,Medium
2025,4,22,5.82,Medium
2025,5,22,6.72,Medium
2025,6,22,9.17,Medium
2025,7,22,12.1,High
2025,8,22,8.94,High
2025,9,22,4.78,Medium
2025,10,22,3.72,Low
2025,11,22,4.66,Low
2025,12,22,5.88,Medium
2026,1,22,6.66,Medium
2026,2,22,7.34,Medium
2026,3,22,7.74,Medium
2026,4,22,8.17,Medium
2026,5,22,11.13,High
2025,1,23,4.48,Medium
2025,2,23,3.53,Low
2025,3,23,4.0,Low
2025,4,23,5.67,Medium
2025,5,23,5.95,Medium
2025,6,23,6.46,Medium
2025,7,23,9.89,Medium
2025,8,23,10.89,High
2025,9,23,8.11,High
2025,10,23,8.88,Medium
2025,11,23,9.29,High
2025,12,23,10.16,High
2026,1,23,8.96,Medium
2026,2,23,9.06,Medium
2026,3,23,8.11,High
2026,4,23,7.8,High
2026,5,23,9.67,Medium
2025,1,24,6.85,Medium
2025,2,24,3.42,Low
2025,3,24,3.25,Low
2025,4,24,3.66,Low
2025,5,24,4.92,Medium
2025,6,24,5.44,Medium
2025,7,24,6.69,Medium
2025,8,24,6.99,Medium
2025,9,24,8.15,Medium
2025,10,24,9.39,High
2025,11,24,9.93,High
2025,12,24,10.04,High
2026,1,24,7.2,Medium
2026,2,24,6.47,Medium
2026,3,24,6.05,Medium
2026,4,24,6.39,Medium
2026,5,24,9.51,Medium
2025,1,25,5.06,Medium
2025,2,25,2.54,Low
2025,3,25,2.61,Low
2025,4,25,3.37,Low
2025,5,25,4.3,Medium
2025,6,25,4.94,Medium
2025,7,25,5.23,Medium
2025,8,25,6.47,Medium
2025,9,25,6.4,Medium
2025,10,25,6.16,Medium
2025,11,25,6.49,Medium
2025,12,25,8.07,Medium
2026,1,25,8.78,Medium
2026,2,25,9.68,High
2026,3,25,9.94,High
2026,4,25,8.97,High
2026,5,25,10.95,High
2025,1,26,0.85,Low
2025,2,26,0.97,Low
2025,3,26,1.55,Low
2025,4,26,1.75,Low
2025,5,26,1.61,Low
2025,6,26,1.54,Low
2025,7,26,1.59,Low
2025,8,26,1.66,Low
2025,9,26,1.75,Low
2025,10,26,1.76,Low
2025,11,26,1.91,Low
2025,12,26,1.9,Low
2026,1,26,1.86,Low
2026,2,26,1.85,Low
2026,3,26,1.84,Low
2026,4,26,1.82,Low
2026,5,26,1.82,Low
2025,1,27,5.71,Medium
2025,2,27,4.54,Medium
2025,3,27,4.23,Medium
2025,4,27,4.19,Medium
2025,5,27,3.93,Medium
2025,6,27,3.76,Low
2025,7,27,4.15,Low
2025,8,27,5.41,Medium
2025,9,27,5.77,Medium
2025,10,27,6.13,Medium
2025,11,27,7.52,Medium
2025,12,27,7.89,Medium
2026,1,27,8.22,Medium
2026,2,27,10.03,High
2026,3,27,8.87,Medium
2026,4,27,7.28,High
2026,5,27,9.46,Medium
2025,1,28,2.19,Low
2025,2,28,2.98,Low
2025,3,28,2.99,Low
2025,4,28,2.92,Low
2025,5,28,2.92,Low
2025,6,28,2.94,Low
2025,7,28,3.01,Low
2025,8,28,2.86,Low
2025,9,28,2.48,Low
2025,10,28,2.66,Low
2025,11,28,3.3,Low
2025,12,28,3.63,Medium
2026,1,28,3.7,Medium
2026,2,28,3.39,Low
2026,3,28,3.32,Low
2026,4,28,3.34,Low
2026,5,28,3.63,Low
2025,1,29,9.57,High
2025,2,29,4.63,Medium
2025,3,29,2.2,Low
2025,4,29,2.65,Low
2025,5,29,4.52,Low
2025,6,29,5.28,Medium
2025,7,29,5.52,Medium
2025,8,29,5.93,Medium
2025,9,29,6.53,Medium
2025,10,29,7.68,Medium
2025,11,29,8.42,Medium
2025,12,29,9.48,High
2026,1,29,10.19,High
2026,2,29,9.02,Medium
2026,3,29,9.14,High
2026,4,29,8.62,High
2026,5,29,10.36,High
2025,1,30,1.57,Low
2025,2,30,1.22,Low
2025,3,30,1.19,Low
2025,4,30,0.99,Low
2025,5,30,1.31,Low
2025,6,30,1.59,Low
2025,7,30,1.51,Low
2025,8,30,1.52,Low
2025,9,30,1.37,Low
2025,10,30,1.24,Low
2025,11,30,1.23,Low
2025,12,30,1.01,Low
2026,1,30,1.0,Low
2026,2,30,0.99,Low
2026,3,30,1.29,Low
2026,4,30,1.7,Low
2026,5,30,1.82,Low
2025,1,31,0.2,Low
2025,2,31,3.79,Low
2025,3,31,15.43,Low
2025,4,31,24.0,High
2025,5,31,24.0,High
2025,6,31,24.0,High
2025,7,31,9.23,Medium
2025,8,31,3.01,Low
2025,9,31,1.17,Low
2025,10,31,1.73,Low
2025,11,31,2.37,Low
2025,12,31,3.19,Low
2026,1,31,3.08,Low
2026,2,31,2.56,Low
2026,3,31,2.24,Low
2026,4,31,2.18,Low
2026,5,31,1.95,Low
2025,1,32,4.2,Medium
2025,2,32,5.45,Medium
2025,3,32,5.64,Medium
2025,4,32,6.02,Medium
2025,5,32,9.06,Medium
2025,6,32,11.31,High
2025,7,32,8.42,High
2025,8,32,9.58,Medium
2025,9,32,10.83,High
2025,10,32,8.19,High
2025,11,32,9.03,Medium
2025,12,32,9.53,High
2026,1,32,10.24,High
2026,2,32,9.21,Medium
2026,3,32,9.23,High
2026,4,32,8.83,High
2026,5,32,10.59,High
2025,1,33,4.55,Medium
2025,2,33,3.44,Low
2025,3,33,4.1,Low
2025,4,33,5.72,Medium
2025,5,33,6.27,Medium
2025,6,33,8.35,Medium
2025,7,33,11.38,High
2025,8,33,8.84,High
2025,9,33,10.01,Medium
2025,10,33,3.91,Medium
2025,11,33,4.24,Low
2025,12,33,6.52,Medium
2026,1,33,7.82,Medium
2026,2,33,8.3,Medium
2026,3,33,9.76,High
2026,4,33,10.32,High
2026,5,33,14.12,High
2025,1,34,2.01,Low
2025,2,34,2.01,Low
2025,3,34,2.0,Low
2025,4,34,2.02,Low
2025,5,34,2.05,Low
2025,6,34,2.1,Low
2025,7,34,2.17,Low
2025,8,34,2.83,Low
2025,9,34,3.03,Low
2025,10,34,3.72,Medium
2025,11,34,3.6,Medium
2025,12,34,3.61,Low
2026,1,34,3.6,Low
2026,2,34,3.51,Low
2026,3,34,3.52,Low
2026,4,34,3.59,Low
2026,5,34,3.77,Low
2025,1,35,0.0,Low
2025,2,35,0.94,Low
2025,3,35,11.0,Low
2025,4,35,11.0,High
2025,5,35,9.99,High
2025,6,35,11.0,High
2025,7,35,4.12,Medium
2025,8,35,4.72,Low
2025,9,35,6.34,Medium
2025,10,35,7.85,Medium
2025,11,35,8.23,Medium
2025,12,35,9.73,High
2026,1,35,10.28,High
2026,2,35,9.28,Medium
2026,3,35,9.37,High
2026,4,35,8.89,High
2026,5,35,10.65,High
2025,1,36,1.34,Low
2025,2,36,1.62,Low
2025,3,36,1.58,Low
2025,4,36,1.6,Low
2025,5,36,1.49,Low
2025,6,36,1.3,Low
2025,7,36,1.25,Low
2025,8,36,1.26,Low
2025,9,36,1.08,Low
2025,10,36,1.03,Low
2025,11,36,1.04,Low
2025,12,36,1.01,Low
2026,1,36,1.0,Low
2026,2,36,1.01,Low
2026,3,36,1.01,Low
2026,4,36,0.99,Low
2026,5,36,1.02,Low
2025,1,37,1.11,Low
2025,2,37,1.41,Low
2025,3,37,1.59,Low
2025,4,37,1.57,Low
2025,5,37,1.29,Low
2025,6,37,1.23,Low
2025,7,37,1.23,Low
2025,8,37,1.07,Low
2025,9,37,1.08,Low
2025,10,37,1.05,Low
2025,11,37,1.01,Low
2025,12,37,1.01,Low
2026,1,37,1.0,Low
2026,2,37,1.01,Low
2026,3,37,1.01,Low
2026,4,37,0.99,Low
2026,5,37,1.02,Low
2025,1,38,4.84,Medium
2025,2,38,4.75,Medium
2025,3,38,4.77,Medium
2025,4,38,5.03,Medium
2025,5,38,7.26,Medium
2025,6,38,9.99,Medium
2025,7,38,12.64,High
2025,8,38,9.28,High
2025,9,38,4.78,Medium
2025,10,38,3.43,Low
2025,11,38,4.37,Low
2025,12,38,5.67,Medium
2026,1,38,6.05,Medium
2026,2,38,6.74,Medium
2026,3,38,7.4,Medium
2026,4,38,8.35,Medium
2026,5,38,10.91,High
2025,1,39,6.0,Medium
2025,2,39,5.07,Medium
2025,3,39,4.72,Medium
2025,4,39,4.49,Medium
2025,5,39,5.44,Medium
2025,6,39,6.0,Medium
2025,7,39,6.0,Medium
2025,8,39,5.75,Medium
2025,9,39,5.4,Medium
2025,10,39,5.4,Medium
2025,11,39,5.09,Medium
2025,12,39,4.63,Medium
2026,1,39,4.65,Medium
2026,2,39,5.11,Medium
2026,3,39,6.0,Medium
2026,4,39,6.0,Medium
2026,5,39,6.0,Medium
2025,1,40,0.74,Low
2025,2,40,1.69,Low
2025,3,40,2.6,Low
2025,4,40,3.08,Low
2025,5,40,2.83,Low
2025,6,40,2.65,Low
2025,7,40,2.95,Low
2025,8,40,3.15,Low
2025,9,40,3.81,Low
2025,10,40,3.51,Medium
2025,11,40,3.51,Low
2025,12,40,3.52,Low
2026,1,40,3.57,Low
2026,2,40,3.6,Low
2026,3,40,3.58,Low
2026,4,40,3.53,Low
2026,5,40,3.74,Low
2025,1,41,0.0,Low
2025,2,41,0.95,Low
2025,3,41,7.0,Low
2025,4,41,7.0,Medium
2025,5,41,5.74,Medium
2025,6,41,5.65,Medium
2025,7,41,6.44,Medium
2025,8,41,7.0,Medium
2025,9,41,7.0,Medium
2025,10,41,7.0,Medium
2025,11,41,6.88,Medium
2025,12,41,6.34,Medium
2026,1,41,6.64,Medium
2026,2,41,7.0,Medium
2026,3,41,7.0,Medium
2026,4,41,6.83,Medium
2026,5,41,7.0,Medium
2025,1,42,3.55,Medium
2025,2,42,3.66,Low
2025,3,42,3.97,Low
2025,4,42,4.95,Medium
2025,5,42,5.26,Medium
2025,6,42,6.77,Medium
2025,7,42,8.0,Medium
2025,8,42,8.0,High
2025,9,42,8.0,High
2025,10,42,8.0,High
2025,11,42,7.78,High
2025,12,42,7.23,Medium
2026,1,42,7.29,Medium
2026,2,42,7.31,Medium
2026,3,42,6.7,Medium
2026,4,42,6.39,Medium
2026,5,42,8.0,Medium
2025,1,43,0.26,Low
2025,2,43,1.71,Low
2025,3,43,3.0,Low
2025,4,43,3.0,Low
2025,5,43,2.32,Low
2025,6,43,2.36,Low
2025,7,43,2.41,Low
2025,8,43,2.4,Low
2025,9,43,2.34,Low
2025,10,43,2.33,Low
2025,11,43,2.27,Low
2025,12,43,2.07,Low
2026,1,43,2.07,Low
2026,2,43,2.06,Low
2026,3,43,2.05,Low
2026,4,43,2.06,Low
2026,5,43,2.04,Low
2025,1,44,8.39,High
2025,2,44,7.67,Medium
2025,3,44,6.41,Medium
2025,4,44,5.84,Medium
2025,5,44,5.67,Medium
2025,6,44,5.79,Medium
2025,7,44,6.07,Medium
2025,8,44,7.88,Medium
2025,9,44,8.89,Medium
2025,10,44,10.06,High
2025,11,44,8.16,High
2025,12,44,9.2,Medium
2026,1,44,10.49,High
2026,2,44,8.68,Medium
2026,3,44,8.77,Medium
2026,4,44,8.01,High
2026,5,44,10.23,High
2025,1,45,4.67,Low
2025,2,45,4.54,Medium
2025,3,45,4.17,Medium
2025,4,45,4.01,Medium
2025,5,45,4.14,Medium
2025,6,45,4.18,Medium
2025,7,45,4.33,Medium
2025,8,45,5.56,Medium
2025,9,45,6.64,Medium
2025,10,45,6.74,Medium
2025,11,45,6.37,Medium
2025,12,45,6.4,Medium
2026,1,45,6.57,Medium
2026,2,45,6.56,Medium
2026,3,45,6.49,Medium
2026,4,45,6.68,Medium
2026,5,45,8.54,Medium
2025,1,46,3.2,Medium
2025,2,46,3.08,Low
2025,3,46,3.1,Low
2025,4,46,3.14,Low
2025,5,46,3.34,Low
2025,6,46,3.95,Medium
2025,7,46,4.55,Medium
2025,8,46,5.06,Medium
2025,9,46,5.63,Medium
2025,10,46,5.68,Medium
2025,11,46,5.14,Medium
2025,12,46,4.96,Medium
2026,1,46,4.64,Medium
2026,2,46,5.02,Medium
2026,3,46,6.61,Medium
2026,4,46,6.81,Medium
2026,5,46,8.23,Medium
2025,1,47,0.02,Low
2025,2,47,1.3,Low
2025,3,47,10.0,Low
2025,4,47,10.0,High
2025,5,47,8.66,High
2025,6,47,8.79,Medium
2025,7,47,10.0,High
2025,8,47,8.47,High
2025,9,47,10.0,High
2025,10,47,8.83,High
2025,11,47,9.93,High
2025,12,47,10.0,High
2026,1,47,8.19,Medium
2026,2,47,7.79,Medium
2026,3,47,6.71,Medium
2026,4,47,6.26,Medium
2026,5,47,8.12,Medium
2025,1,48,3.09,Medium
2025,2,48,3.2,Low
2025,3,48,4.23,Medium
2025,4,48,4.68,Medium
2025,5,48,5.08,Medium
2025,6,48,5.66,Medium
2025,7,48,6.16,Medium
2025,8,48,6.42,Medium
2025,9,48,8.42,Medium
2025,10,48,9.75,High
2025,11,48,10.33,High
2025,12,48,8.63,High
2026,1,48,8.53,Medium
2026,2,48,7.23,Medium
2026,3,48,6.71,Medium
2026,4,48,6.55,Medium
2026,5,48,9.82,Medium
2025,1,49,0.0,Low
2025,2,49,0.45,Low
2025,3,49,0.85,Low
2025,4,49,1.74,Low
2025,5,49,2.1,Low
2025,6,49,2.22,Low
2025,7,49,2.74,Low
2025,8,49,2.83,Low
2025,9,49,3.04,Low
2025,10,49,3.7,Low
2025,11,49,3.56,Medium
2025,12,49,3.56,Low
2026,1,49,3.52,Low
2026,2,49,3.52,Low
2026,3,49,3.5,Low
2026,4,49,3.49,Low
2026,5,49,3.73,Low
2025,1,50,0.81,Low
2025,2,50,2.23,Low
2025,3,50,3.87,Low
2025,4,50,4.04,Medium
2025,5,50,4.46,Medium
2025,6,50,4.63,Medium
2025,7,50,5.0,Medium
2025,8,50,5.0,Medium
2025,9,50,4.61,Medium
2025,10,50,4.56,Medium
2025,11,50,4.98,Medium
2025,12,50,5.0,Medium
2026,1,50,5.0,Medium
2026,2,50,4.58,Medium
2026,3,50,4.55,Medium
2026,4,50,4.98,Medium
2026,5,50,5.0,Medium
2025,1,51,1.81,Low
2025,2,51,1.16,Low
2025,3,51,1.17,Low
2025,4,51,1.19,Low
2025,5,51,0.98,Low
2025,6,51,1.33,Low
2025,7,51,1.65,Low
2025,8,51,1.5,Low
2025,9,51,1.5,Low
2025,10,51,1.28,Low
2025,11,51,1.23,Low
2025,12,51,1.19,Low
2026,1,51,1.01,Low
2026,2,51,0.99,Low
2026,3,51,1.29,Low
2026,4,51,1.7,Low
2026,5,51,1.61,Low
2025,1,52,6.27,Medium
2025,2,52,5.1,Medium
2025,3,52,4.92,Medium
2025,4,52,4.96,Medium
2025,5,52,5.87,Medium
2025,6,52,6.88,Medium
2025,7,52,9.58,Medium
2025,8,52,10.97,High
2025,9,52,8.41,Medium
2025,10,52,9.71,Medium
2025,11,52,10.78,High
2025,12,52,8.48,Medium
2026,1,52,8.14,Medium
2026,2,52,6.97,Medium
2026,3,52,6.03,Medium
2026,4,52,5.9,Medium
2026,5,52,6.56,Medium
2025,1,53,5.57,Medium
2025,2,53,5.05,Medium
2025,3,53,4.51,Medium
2025,4,53,4.2,Medium
2025,5,53,4.19,Medium
2025,6,53,4.32,Medium
2025,7,53,4.51,Medium
2025,8,53,5.71,Medium
2025,9,53,6.57,Medium
2025,10,53,6.83,Medium
2025,11,53,8.13,Medium
2025,12,53,8.88,High
2026,1,53,9.0,High
2026,2,53,8.11,High
2026,3,53,7.5,High
2026,4,53,6.98,Medium
2026,5,53,8.47,Medium
2025,1,54,0.7,Low
2025,2,54,2.22,Low
2025,3,54,3.83,Low
2025,4,54,4.0,Medium
2025,5,54,4.0,Medium
2025,6,54,3.83,Medium
2025,7,54,3.95,Low
2025,8,54,4.0,Low
2025,9,54,4.0,Medium
2025,10,54,3.58,Medium
2025,11,54,3.35,Low
2025,12,54,3.35,Low
2026,1,54,3.42,Low
2026,2,54,3.36,Low
2026,3,54,3.31,Low
2026,4,54,3.39,Low
2026,5,54,3.61,Low
2025,1,55,0.0,Low
2025,2,55,0.97,Low
2025,3,55,10.0,Low
2025,4,55,10.0,High
2025,5,55,9.54,High
2025,6,55,10.0,High
2025,7,55,10.0,High
2025,8,55,10.0,High
2025,9,55,4.78,Low
2025,10,55,4.58,Low
2025,11,55,5.93,Medium
2025,12,55,6.97,Medium
2026,1,55,7.74,Medium
2026,2,55,8.51,Medium
2026,3,55,9.91,High
2026,4,55,10.0,High
2026,5,55,10.0,High
2025,1,56,2.27,Low
2025,2,56,2.18,Low
2025,3,56,2.27,Low
2025,4,56,2.7,Low
2025,5,56,2.74,Low
2025,6,56,2.85,Low
2025,7,56,3.34,Low
2025,8,56,3.47,Medium
2025,9,56,3.89,Medium
2025,10,56,4.08,Medium
2025,11,56,4.92,Medium
2025,12,56,5.0,Medium
2026,1,56,4.65,Medium
2026,2,56,4.72,Medium
2026,3,56,5.28,Medium
2026,4,56,6.48,Medium
2026,5,56,7.0,Medium
2025,1,57,4.68,Medium
2025,2,57,4.18,Medium
2025,3,57,3.94,Medium
2025,4,57,3.85,Low
2025,5,57,4.05,Low
2025,6,57,5.33,Medium
2025,7,57,5.91,Medium
2025,8,57,5.95,Medium
2025,9,57,5.65,Medium
2025,10,57,5.41,Medium
2025,11,57,5.44,Medium
2025,12,57,5.1,Medium
2026,1,57,4.78,Medium
2026,2,57,4.5,Medium
2026,3,57,4.83,Medium
2026,4,57,6.0,Medium
2026,5,57,6.0,Medium
2025,1,58,2.61,Low
2025,2,58,2.71,Low
2025,3,58,3.6,Low
2025,4,58,3.71,Medium
2025,5,58,3.95,Low
2025,6,58,5.05,Medium
2025,7,58,6.09,Medium
2025,8,58,5.99,Medium
2025,9,58,5.09,Medium
2025,10,58,4.78,Medium
2025,11,58,4.29,Medium
2025,12,58,4.64,Medium
2026,1,58,5.51,Medium
2026,2,58,6.48,Medium
2026,3,58,6.5,Medium
2026,4,58,6.26,Medium
2026,5,58,8.29,Medium
2025,1,59,0.0,Low
2025,2,59,2.05,Low
2025,3,59,1.69,Low
2025,4,59,1.44,Low
2025,5,59,1.45,Low
2025,6,59,1.31,Low
2025,7,59,1.31,Low
2025,8,59,1.28,Low
2025,9,59,1.08,Low
2025,10,59,1.04,Low
2025,11,59,1.04,Low
2025,12,59,1.02,Low
2026,1,59,1.0,Low
2026,2,59,1.01,Low
2026,3,59,1.01,Low
2026,4,59,0.99,Low
2026,5,59,1.02,Low
2025,1,60,4.63,Medium
2025,2,60,4.09,Medium
2025,3,60,3.86,Medium
2025,4,60,3.74,Low
2025,5,60,4.13,Low
2025,6,60,4.95,Medium
2025,7,60,5.26,Medium
2025,8,60,6.64,Medium
2025,9,60,6.44,Medium
2025,10,60,6.28,Medium
2025,11,60,6.54,Medium
2025,12,60,8.06,Medium
2026,1,60,8.92,Medium
2026,2,60,9.0,High
2026,3,60,7.93,High
2026,4,60,7.14,Medium
2026,5,60,8.77,Medium
2025,1,61,2.41,Low
2025,2,61,2.53,Low
2025,3,61,3.08,Low
2025,4,61,3.53,Medium
2025,5,61,3.54,Medium
2025,6,61,3.92,Low
2025,7,61,4.6,Medium
2025,8,61,5.55,Medium
2025,9,61,6.22,Medium
2025,10,61,6.38,Medium
2025,11,61,6.17,Medium
2025,12,61,5.81,Medium
2026,1,61,5.49,Medium
2026,2,61,5.33,Medium
2026,3,61,4.91,Medium
2026,4,61,4.72,Medium
2026,5,61,5.55,Medium
2025,1,62,0.0,Low
2025,2,62,0.09,Low
2025,3,62,0.88,Low
2025,4,62,5.65,Low
2025,5,62,7.0,Medium
2025,6,62,5.2,Medium
2025,7,62,5.39,Medium
2025,8,62,6.48,Medium
2025,9,62,7.0,Medium
2025,10,62,7.0,Medium
2025,11,62,6.84,Medium
2025,12,62,6.35,Medium
2026,1,62,6.86,Medium
2026,2,62,7.0,Medium
2026,3,62,7.0,Medium
2026,4,62,6.93,Medium
2026,5,62,7.0,Medium
2025,1,63,0.97,Low
2025,2,63,1.06,Low
2025,3,63,1.42,Low
2025,4,63,1.51,Low
2025,5,63,1.52,Low
2025,6,63,1.63,Low
2025,7,63,1.76,Low
2025,8,63,1.78,Low
2025,9,63,2.13,Low
2025,10,63,2.38,Low
2025,11,63,2.69,Low
2025,12,63,2.86,Low
2026,1,63,3.12,Low
2026,2,63,3.61,Low
2026,3,63,3.61,Medium
2026,4,63,3.66,Low
2026,5,63,3.85,Low
2025,1,64,6.98,Medium
2025,2,64,5.71,Medium
2025,3,64,5.39,Medium
2025,4,64,5.43,Medium
2025,5,64,5.58,Medium
2025,6,64,5.57,Medium
2025,7,64,5.68,Medium
2025,8,64,5.22,Medium
2025,9,64,4.96,Medium
2025,10,64,4.6,Medium
2025,11,64,4.9,Medium
2025,12,64,6.19,Medium
2026,1,64,6.9,Medium
2026,2,64,7.07,Medium
2026,3,64,6.89,Medium
2026,4,64,6.38,Medium
2026,5,64,8.79,Medium
2025,1,65,7.74,Medium
2025,2,65,7.13,Medium
2025,3,65,6.28,Medium
2025,4,65,6.1,Medium
2025,5,65,8.64,Medium
2025,6,65,11.58,High
2025,7,65,9.35,High
2025,8,65,10.29,High
2025,9,65,3.77,Medium
2025,10,65,4.41,Low
2025,11,65,6.72,Medium
2025,12,65,7.39,Medium
2026,1,65,8.09,Medium
2026,2,65,9.57,High
2026,3,65,10.06,High
2026,4,65,12.0,High
2026,5,65,12.0,High
2025,1,66,9.0,High
2025,2,66,8.19,High
2025,3,66,7.8,High
2025,4,66,7.39,Medium
2025,5,66,9.0,High
2025,6,66,9.0,High
2025,7,66,9.0,High
2025,8,66,8.43,High
2025,9,66,8.07,High
2025,10,66,8.18,High
2025,11,66,7.96,High
2025,12,66,7.39,Medium
2026,1,66,7.44,Medium
2026,2,66,7.38,Medium
2026,3,66,7.34,Medium
2026,4,66,7.59,Medium
2026,5,66,9.0,High
2025,1,67,1.65,Low
2025,2,67,1.61,Low
2025,3,67,1.58,Low
2025,4,67,1.31,Low
2025,5,67,1.18,Low
2025,6,67,1.18,Low
2025,7,67,1.06,Low
2025,8,67,1.11,Low
2025,9,67,1.6,Low
2025,10,67,1.69,Low
2025,11,67,1.76,Low
2025,12,67,2.0,Low
2026,1,67,2.48,Low
2026,2,67,2.61,Low
2026,3,67,2.94,Low
2026,4,67,3.13,Low
2026,5,67,3.79,Low
2025,1,68,4.0,Medium
2025,2,68,3.12,Medium
2025,3,68,2.87,Low
2025,4,68,2.72,Low
2025,5,68,2.88,Low
2025,6,68,3.54,Low
2025,7,68,4.0,Medium
2025,8,68,4.0,Medium
2025,9,68,3.85,Medium
2025,10,68,3.61,Low
2025,11,68,3.86,Low
2025,12,68,4.0,Medium
2026,1,68,4.0,Medium
2026,2,68,3.62,Medium
2026,3,68,3.48,Low
2026,4,68,3.72,Low
2026,5,68,4.0,Medium
2025,1,69,5.64,Medium
2025,2,69,4.61,Medium
2025,3,69,4.27,Medium
2025,4,69,4.09,Medium
2025,5,69,3.87,Medium
2025,6,69,3.8,Low
2025,7,69,4.17,Low
2025,8,69,5.52,Medium
2025,9,69,5.82,Medium
2025,10,69,6.14,Medium
2025,11,69,7.52,Medium
2025,12,69,7.8,Medium
2026,1,69,8.13,Medium
2026,2,69,9.92,High
2026,3,69,10.08,High
2026,4,69,11.17,High
2026,5,69,22.7,High
2025,1,70,6.15,Medium
2025,2,70,5.39,Medium
2025,3,70,4.6,Medium
2025,4,70,4.35,Medium
2025,5,70,4.69,Medium
2025,6,70,5.58,Medium
2025,7,70,6.9,Medium
2025,8,70,7.0,Medium
2025,9,70,7.0,Medium
2025,10,70,7.0,Medium
2025,11,70,6.86,Medium
2025,12,70,6.32,Medium
2026,1,70,6.74,Medium
2026,2,70,7.0,Medium
2026,3,70,7.0,Medium
2026,4,70,6.99,Medium
2026,5,70,7.0,Medium
2025,1,71,0.0,Low
2025,2,71,0.89,Low
2025,3,71,13.98,Low
2025,4,71,40.44,High
2025,5,71,44.66,High
2025,6,71,49.28,High
2025,7,71,18.49,High
2025,8,71,4.87,Low
2025,9,71,2.64,Low
2025,10,71,4.16,Low
2025,11,71,5.68,Medium
2025,12,71,5.49,Medium
2026,1,71,5.16,Medium
2026,2,71,4.91,Medium
2026,3,71,4.75,Medium
2026,4,71,5.12,Medium
2026,5,71,6.98,Medium
2025,1,72,0.0,Low
2025,2,72,0.09,Low
2025,3,72,0.88,Low
2025,4,72,4.0,Low
2025,5,72,4.0,Medium
2025,6,72,3.49,Medium
2025,7,72,3.64,Low
2025,8,72,4.0,Medium
2025,9,72,4.0,Medium
2025,10,72,3.48,Medium
2025,11,72,3.18,Low
2025,12,72,3.2,Low
2026,1,72,3.04,Low
2026,2,72,2.93,Low
2026,3,72,2.86,Low
2026,4,72,2.71,Low
2026,5,72,2.89,Low
2025,1,73,1.82,Low
2025,2,73,1.96,Low
2025,3,73,1.97,Low
2025,4,73,2.03,Low
2025,5,73,2.37,Low
2025,6,73,2.44,Low
2025,7,73,2.4,Low
2025,8,73,2.59,Low
2025,9,73,2.98,Low
2025,10,73,2.95,Low
2025,11,73,2.86,Low
2025,12,73,2.7,Low
2026,1,73,2.71,Low
2026,2,73,2.72,Low
2026,3,73,2.67,Low
2026,4,73,2.67,Low
2026,5,73,2.75,Low
2025,1,74,2.37,Low
2025,2,74,2.95,Low
2025,3,74,3.07,Low
2025,4,74,3.72,Low
2025,5,74,3.93,Medium
2025,6,74,4.5,Medium
2025,7,74,5.35,Medium
2025,8,74,5.59,Medium
2025,9,74,6.28,Medium
2025,10,74,7.0,Medium
2025,11,74,7.0,Medium
2025,12,74,6.82,Medium
2026,1,74,6.63,Medium
2026,2,74,7.0,Medium
2026,3,74,7.0,Medium
2026,4,74,7.0,Medium
2026,5,74,7.0,Medium
